시군명,구/읍면동명,사고년도,사고유형구분,다발지역FID,다발지역ID,법정동코드,위치코드,시도시군구명,사고지역위치명,발생건수,사상자수,사망자수,중상자수,경상자수,부상자수,위도,경도,사고다발지역폴리곤정보
화성시,병점동,2018,스쿨존내어린이사고다발지,6503361,2019034,4159011700,41590001,경기도 화성시1,경기도 화성시 병점동(태안초교 부근),2,2,0,1,1,0,37.210868524963,127.042759000429,"{""type"":""Polygon"",""coordinates"":[[[127.045453946281,37.210868524963],[127.045402163652,37.210449802246],[127.045248805743,37.2100471686168],[127.044999766012,37.2096760974366],[127.044664614916,37.2093508493262],[127.044256232124,37.2090839240529],[127.043790311558,37.20888558007],[127.043284758283,37.208763440189],[127.042759000429,37.2087221985536],[127.042233242575,37.208763440189],[127.0417276893,37.20888558007],[127.041261768734,37.2090839240529],[127.040853385942,37.2093508493262],[127.040518234846,37.2096760974366],[127.040269195115,37.2100471686168],[127.040115837206,37.210449802246],[127.040064054577,37.210868524963],[127.040115837206,37.2112872453563],[127.040269195115,37.2116898723684],[127.040518234846,37.2120609336454],[127.040853385942,37.2123861700742],[127.041261768734,37.2126530836659],[127.0417276893,37.2128514177457],[127.042233242575,37.2129735510096],[127.042759000429,37.2130147903213],[127.043284758283,37.2129735510096],[127.043790311558,37.2128514177457],[127.044256232124,37.2126530836659],[127.044664614916,37.2123861700742],[127.044999766012,37.2120609336454],[127.045248805743,37.2116898723684],[127.045402163652,37.2112872453563],[127.045453946281,37.210868524963]]]}"
화성시,향남읍,2018,스쿨존내어린이사고다발지,6503372,2019034,4159025939,41590002,경기도 화성시2,경기도 화성시 향남읍(한울초교 부근),1,1,1,0,0,0,37.126554743108,126.917678271236,"{""type"":""Polygon"",""coordinates"":[[[126.920373217088,37.126554743108],[126.920321434459,37.126135552962],[126.92016807655,37.1257324698687],[126.919919036819,37.1253609844615],[126.919583885723,37.1250353732794],[126.919175502931,37.1247681500416],[126.918709582365,37.1245695846517],[126.91820402909,37.1244473084291],[126.917678271236,37.1244060207568],[126.917152513382,37.1244473084291],[126.916646960107,37.1245695846517],[126.916181039541,37.1247681500416],[126.915772656749,37.1250353732794],[126.915437505653,37.1253609844615],[126.915188465922,37.1257324698687],[126.915035108013,37.126135552962],[126.914983325384,37.126554743108],[126.915035108013,37.1269739309323],[126.915188465922,37.1273770074139],[126.915437505653,37.1277484829261],[126.915772656749,37.1280740824363],[126.916181039541,37.128341294002],[126.916646960107,37.128539849497],[126.917152513382,37.1286621191079],[126.917678271236,37.1287034044584],[126.91820402909,37.1286621191079],[126.918709582365,37.128539849497],[126.919175502931,37.128341294002],[126.919583885723,37.1280740824363],[126.919919036819,37.1277484829261],[126.92016807655,37.1273770074139],[126.920321434459,37.1269739309323],[126.920373217088,37.126554743108]]]}"
안산시,상록구,2018,스쿨존내어린이사고다발지,6503353,2019034,4127111300,41271004,경기도 안산시 상록구4,경기도 안산시 상록구 수암동(안산초교 부근),2,2,0,0,2,0,37.363927634254,126.877497742128,"{""type"":""Polygon"",""coordinates"":[[[126.88019268798,37.363927634254],[126.880140905351,37.3635097624011],[126.879987547442,37.3631079469346],[126.879738507711,37.3627376297746],[126.879403356615,37.3624130425663],[126.878994973823,37.3621466596797],[126.878529053257,37.3619487187255],[126.878023499982,37.3618268270281],[126.877497742128,37.3617856691939],[126.876971984274,37.3618268270281],[126.876466430999,37.3619487187255],[126.876000510433,37.3621466596797],[126.875592127641,37.3624130425663],[126.875256976545,37.3627376297746],[126.875007936814,37.3631079469346],[126.874854578905,37.3635097624011],[126.874802796276,37.363927634254],[126.874854578905,37.3643455037798],[126.875007936814,37.3647473126195],[126.875256976545,37.3651176198617],[126.875592127641,37.3654421953712],[126.876000510433,37.3657085665589],[126.876466430999,37.3659064975953],[126.876971984274,37.3660283826659],[126.877497742128,37.366069538173],[126.878023499982,37.3660283826659],[126.878529053257,37.3659064975953],[126.878994973823,37.3657085665589],[126.879403356615,37.3654421953712],[126.879738507711,37.3651176198617],[126.879987547442,37.3647473126195],[126.880140905351,37.3643455037798],[126.88019268798,37.363927634254]]]}"
안산시,상록구,2018,스쿨존내어린이사고다발지,6503362,2019034,4127110400,41271003,경기도 안산시 상록구3,경기도 안산시 상록구 본오동(이호초교 부근),2,2,0,1,1,0,37.286628549969,126.861179324168,"{""type"":""Polygon"",""coordinates"":[[[126.86387427002,37.286628549969],[126.863822487391,37.2862102480331],[126.863669129482,37.2858080190131],[126.863420089751,37.2854373207213],[126.863084938655,37.2851123994494],[126.862676555863,37.2848457424046],[126.862210635297,37.284647597733],[126.861705082022,37.2845255805872],[126.861179324168,37.2844843803943],[126.860653566314,37.2845255805872],[126.860148013039,37.284647597733],[126.859682092473,37.2848457424046],[126.859273709681,37.2851123994494],[126.858938558585,37.2854373207213],[126.858689518854,37.2858080190131],[126.858536160945,37.2862102480331],[126.858484378316,37.286628549969],[126.858536160945,37.2870468495796],[126.858689518854,37.2874490719777],[126.858938558585,37.2878197603589],[126.859273709681,37.2881446699407],[126.859682092473,37.2884113152953],[126.860148013039,37.2886094500564],[126.860653566314,37.2887314605803],[126.861179324168,37.2887726584478],[126.861705082022,37.2887314605803],[126.862210635297,37.2886094500564],[126.862676555863,37.2884113152953],[126.863084938655,37.2881446699407],[126.863420089751,37.2878197603589],[126.863669129482,37.2874490719777],[126.863822487391,37.2870468495796],[126.86387427002,37.286628549969]]]}"
안산시,상록구,2018,스쿨존내어린이사고다발지,6503348,2019034,4127110300,41271002,경기도 안산시 상록구2,경기도 안산시 상록구 사동(초당초교 부근),2,2,0,2,0,0,37.284734397875,126.851008602466,"{""type"":""Polygon"",""coordinates"":[[[126.853703548318,37.284734397875],[126.853651765689,37.2843160854098],[126.85349840778,37.2839138462652],[126.853249368049,37.2835431386426],[126.852914216953,37.283218209192],[126.852505834161,37.2829515454354],[126.852039913595,37.2827533957764],[126.85153436032,37.2826313755593],[126.851008602466,37.2825901743294],[126.850482844612,37.2826313755593],[126.849977291337,37.2827533957764],[126.849511370771,37.2829515454354],[126.849102987979,37.283218209192],[126.848767836883,37.2835431386426],[126.848518797152,37.2839138462652],[126.848365439243,37.2843160854098],[126.848313656614,37.284734397875],[126.848365439243,37.2851527080149],[126.848518797152,37.2855549405377],[126.848767836883,37.28592563825],[126.849102987979,37.2862505560106],[126.849511370771,37.2865172080773],[126.849977291337,37.286715347826],[126.850482844612,37.2868373614212],[126.851008602466,37.2868785603258],[126.85153436032,37.2868373614212],[126.852039913595,37.286715347826],[126.852505834161,37.2865172080773],[126.852914216953,37.2862505560106],[126.853249368049,37.28592563825],[126.85349840778,37.2855549405377],[126.853651765689,37.2851527080149],[126.853703548318,37.284734397875]]]}"
안산시,상록구,2018,스쿨존내어린이사고다발지,6503363,2019034,4127110400,41271001,경기도 안산시 상록구1,경기도 안산시 상록구 본오동(본오초교 부근),3,3,0,0,3,0,37.294094485973,126.868859590199,"{""type"":""Polygon"",""coordinates"":[[[126.871554536051,37.294094485973],[126.871502753422,37.2936762255435],[126.871349395513,37.2932740364346],[126.871100355782,37.2929033749251],[126.870765204686,37.2925784858929],[126.870356821894,37.2923118553065],[126.869890901328,37.2921137302953],[126.869385348053,37.2919917252562],[126.868859590199,37.2919505291513],[126.868333832345,37.2919917252562],[126.86782827907,37.2921137302953],[126.867362358504,37.2923118553065],[126.866953975712,37.2925784858929],[126.866618824616,37.2929033749251],[126.866369784885,37.2932740364346],[126.866216426976,37.2936762255435],[126.866164644347,37.294094485973],[126.866216426976,37.294512744077],[126.866369784885,37.2949149265635],[126.866618824616,37.2952855781618],[126.866953975712,37.295610455503],[126.867362358504,37.2958770743983],[126.86782827907,37.2960751894984],[126.868333832345,37.2961971879151],[126.868859590199,37.2962383816945],[126.869385348053,37.2961971879151],[126.869890901328,37.2960751894984],[126.870356821894,37.2958770743983],[126.870765204686,37.295610455503],[126.871100355782,37.2952855781618],[126.871349395513,37.2949149265635],[126.871502753422,37.294512744077],[126.871554536051,37.294094485973]]]}"
안산시,단원구,2018,스쿨존내어린이사고다발지,6503364,2019034,4127310900,41273002,경기도 안산시 단원구2,경기도 안산시 단원구 선부동(안산화정초교 부근),1,1,1,0,0,0,37.345731130588,126.817302691167,"{""type"":""Polygon"",""coordinates"":[[[126.819997637019,37.345731130588],[126.81994585439,37.3453131574234],[126.819792496481,37.344911244539],[126.81954345675,37.3445408375984],[126.819208305654,37.344216171697],[126.818799922862,37.3439497242288],[126.818334002296,37.3437517352864],[126.817828449021,37.3436298140379],[126.817302691167,37.3435886462256],[126.816776933313,37.3436298140379],[126.816271380038,37.3437517352864],[126.815805459472,37.3439497242288],[126.81539707668,37.344216171697],[126.815061925584,37.3445408375984],[126.814812885853,37.344911244539],[126.814659527944,37.3453131574234],[126.814607745315,37.345731130588],[126.814659527944,37.3461491014259],[126.814812885853,37.3465510076846],[126.815061925584,37.3469214047091],[126.81539707668,37.3472460589137],[126.815805459472,37.3475124946851],[126.816271380038,37.3477104737114],[126.816776933313,37.3478323883342],[126.817302691167,37.3478735538198],[126.817828449021,37.3478323883342],[126.818334002296,37.3477104737114],[126.818799922862,37.3475124946851],[126.819208305654,37.3472460589137],[126.81954345675,37.3469214047091],[126.819792496481,37.3465510076846],[126.81994585439,37.3461491014259],[126.819997637019,37.345731130588]]]}"
안산시,단원구,2018,스쿨존내어린이사고다발지,6503375,2019034,4127310900,41273001,경기도 안산시 단원구1,경기도 안산시 단원구 선부동(석수초교 부근),2,2,0,2,0,0,37.344763109331,126.806785284414,"{""type"":""Polygon"",""coordinates"":[[[126.809480230266,37.344763109331],[126.809428447637,37.344345130778],[126.809275089728,37.3439432127122],[126.809026049997,37.3435728009965],[126.808690898901,37.3432481309097],[126.808282516109,37.3429816800067],[126.807816595543,37.3427836885119],[126.807311042268,37.3426617656917],[126.806785284414,37.3426205973487],[126.80625952656,37.3426617656917],[126.805753973285,37.3427836885119],[126.805288052719,37.3429816800067],[126.804879669927,37.3432481309097],[126.804544518831,37.3435728009965],[126.8042954791,37.3439432127122],[126.804142121191,37.344345130778],[126.804090338562,37.344763109331],[126.804142121191,37.3451810855573],[126.8042954791,37.3455829969975],[126.804544518831,37.3459533987972],[126.804879669927,37.3462780571873],[126.805288052719,37.3465444963936],[126.805753973285,37.3467424779724],[126.80625952656,37.346864394167],[126.806785284414,37.3469055601833],[126.807311042268,37.346864394167],[126.807816595543,37.3467424779724],[126.808282516109,37.3465444963936],[126.808690898901,37.3462780571873],[126.809026049997,37.3459533987972],[126.809275089728,37.3455829969975],[126.809428447637,37.3451810855573],[126.809480230266,37.344763109331]]]}"
남양주시,화도읍,2018,스쿨존내어린이사고다발지,6503384,2019034,4136025623,41360001,경기도 남양주시1,경기도 남양주시 화도읍(가곡초교 부근),2,2,0,1,1,0,37.683617867172,127.306171020377,"{""type"":""Polygon"",""coordinates"":[[[127.308865966229,37.683617867172],[127.3088141836,37.6832017821068],[127.308660825691,37.6828016847562],[127.30841178596,37.6824329510152],[127.308076634864,37.6821097516808],[127.307668252072,37.6818445077897],[127.307202331506,37.6816474131838],[127.306696778231,37.6815260426642],[127.306171020377,37.6814850608102],[127.305645262523,37.6815260426642],[127.305139709248,37.6816474131838],[127.304673788682,37.6818445077897],[127.30426540589,37.6821097516808],[127.303930254794,37.6824329510152],[127.303681215063,37.6828016847562],[127.303527857154,37.6832017821068],[127.303476074525,37.683617867172],[127.303527857154,37.6840339499031],[127.303681215063,37.6844340406071],[127.303930254794,37.6848027644007],[127.30426540589,37.6851259520014],[127.304673788682,37.6853911841587],[127.305139709248,37.6855882688172],[127.305645262523,37.6857096326902],[127.306171020377,37.6857506122102],[127.306696778231,37.6857096326902],[127.307202331506,37.6855882688172],[127.307668252072,37.6853911841587],[127.308076634864,37.6851259520014],[127.30841178596,37.6848027644007],[127.308660825691,37.6844340406071],[127.3088141836,37.6840339499031],[127.308865966229,37.683617867172]]]}"
광주시,오포읍,2018,스쿨존내어린이사고다발지,6503351,2019034,4161025022,41610001,경기도 광주시1,경기도 광주시 오포읍(광명초교 부근),3,3,0,1,2,0,37.359435520634,127.160781140638,"{""type"":""Polygon"",""coordinates"":[[[127.16347608649,37.359435520634],[127.163424303861,37.3590176237667],[127.163270945952,37.3586157842472],[127.163021906221,37.3582454449198],[127.162686755125,37.3579208382817],[127.162278372333,37.3576544394496],[127.161812451767,37.3574564866469],[127.161306898492,37.3573345876531],[127.160781140638,37.3572934273553],[127.160255382784,37.3573345876531],[127.159749829509,37.3574564866469],[127.159283908943,37.3576544394496],[127.158875526151,37.3579208382817],[127.158540375055,37.3582454449198],[127.158291335324,37.3586157842472],[127.158137977415,37.3590176237667],[127.158086194786,37.359435520634],[127.158137977415,37.3598534151743],[127.158291335324,37.3602552480673],[127.158540375055,37.3606255774772],[127.158875526151,37.360950172417],[127.159283908943,37.3612165595508],[127.159749829509,37.3614145024361],[127.160255382784,37.3615363948033],[127.160781140638,37.3615775527742],[127.161306898492,37.3615363948033],[127.161812451767,37.3614145024361],[127.162278372333,37.3612165595508],[127.162686755125,37.360950172417],[127.163021906221,37.3606255774772],[127.163270945952,37.3602552480673],[127.163424303861,37.3598534151743],[127.16347608649,37.359435520634]]]}"
용인시,처인구,2018,스쿨존내어린이사고다발지,6503385,2019034,4146110100,41461001,경기도 용인시 처인구1,경기도 용인시 처인구 김량장동(역북초교 부근),2,2,0,1,1,0,37.234858754429,127.191809999533,"{""type"":""Polygon"",""coordinates"":[[[127.194504945385,37.234858754429],[127.194453162756,37.2344401648777],[127.194299804847,37.2340376592963],[127.194050765116,37.233666706125],[127.19371561402,37.2333415614501],[127.193307231228,37.2330747210637],[127.192841310662,37.2328764401574],[127.192335757387,37.2327543391187],[127.191809999533,37.2327131105988],[127.191284241679,37.2327543391187],[127.190778688404,37.2328764401574],[127.190312767838,37.2330747210637],[127.189904385046,37.2333415614501],[127.18956923395,37.233666706125],[127.189320194219,37.2340376592963],[127.18916683631,37.2344401648777],[127.189115053681,37.234858754429],[127.18916683631,37.2352773416561],[127.189320194219,37.2356798406189],[127.18956923395,37.2360507838846],[127.189904385046,37.2363759168753],[127.190312767838,37.2366427455773],[127.190778688404,37.2368410165781],[127.191284241679,37.2369631109982],[127.191809999533,37.2370043371939],[127.192335757387,37.2369631109982],[127.192841310662,37.2368410165781],[127.193307231228,37.2366427455773],[127.19371561402,37.2363759168753],[127.194050765116,37.2360507838846],[127.194299804847,37.2356798406189],[127.194453162756,37.2352773416561],[127.194504945385,37.234858754429]]]}"
안산시,단원구,2017,스쿨존내어린이사고다발지,6394556,2018027,4127310200,41273002,경기도 안산시 단원구2,경기도 안산시 단원구 와동(덕인초교 부근),2,2,0,0,2,0,37.340281280358,126.823144531596,"{""type"":""Polygon"",""coordinates"":[[[126.82653114,37.34030061],[126.82651615,37.34053620],[126.82647550,37.34076986],[126.82640949,37.34099979],[126.82631864,37.34122426],[126.82620363,37.34144156],[126.82606534,37.34165002],[126.82590482,37.34184806],[126.82572328,37.34203418],[126.82552213,37.34220696],[126.82530287,37.34236509],[126.82506719,37.34250735],[126.82481687,37.34263268],[126.82455382,37.34274010],[126.82428005,37.34282882],[126.82399764,37.34289814],[126.82370873,37.34294755],[126.82341553,37.34297666],[126.82312026,37.34298526],[126.82282518,37.34297329],[126.82253253,37.34294082],[126.82224454,37.34288811],[126.82196340,37.34281556],[126.82169125,37.34272372],[126.82143016,37.34261330],[126.82118211,37.34248512],[126.82094901,37.34234018],[126.82073262,37.34217956],[126.82053458,37.34200450],[126.82035641,37.34181632],[126.82019946,37.34161646],[126.82006492,37.34140643],[126.81995382,37.34118785],[126.81986701,37.34096236],[126.81980514,37.34073169],[126.81976868,37.34049760],[126.81975792,37.34026186],[126.81977294,37.34002626],[126.81981361,37.33979261],[126.81987963,37.33956268],[126.81997050,37.33933821],[126.82008552,37.33912093],[126.82022383,37.33891247],[126.82038436,37.33871443],[126.82056590,37.33852832],[126.82076706,37.33835555],[126.82098631,37.33819743],[126.82122199,37.33805518],[126.82147229,37.33792986],[126.82173533,37.33782244],[126.82200908,37.33773373],[126.82229148,37.33766441],[126.82258037,37.33761501],[126.82287355,37.33758590],[126.82316880,37.33757730],[126.82346385,37.33758927],[126.82375649,37.33762174],[126.82404446,37.33767444],[126.82432558,37.33774699],[126.82459772,37.33783882],[126.82485880,37.33794924],[126.82510683,37.33807740],[126.82533993,37.33822234],[126.82555632,37.33838295],[126.82575436,37.33855801],[126.82593254,37.33874618],[126.82608950,37.33894603],[126.82622405,37.33915605],[126.82633516,37.33937463],[126.82642199,37.33960011],[126.82648388,37.33983077],[126.82652036,37.34006487],[126.82653114,37.34030061]]]}"
안산시,단원구,2017,스쿨존내어린이사고다발지,6393997,2018027,4127310900,41273001,경기도 안산시 단원구1,경기도 안산시 단원구 선부동(석수초교 부근),2,2,0,2,0,0,37.34431840627,126.805472099759,"{""type"":""Polygon"",""coordinates"":[[[126.80885888,37.34433824],[126.80884383,37.34457383],[126.80880312,37.34480748],[126.80873706,37.34503741],[126.80864615,37.34526186],[126.80853108,37.34547914],[126.80839273,37.34568758],[126.80823216,37.34588560],[126.80805057,37.34607169],[126.80784936,37.34624444],[126.80763006,37.34640253],[126.80739433,37.34654476],[126.80714397,37.34667004],[126.80688089,37.34677743],[126.80660708,37.34686610],[126.80632463,37.34693538],[126.80603570,37.34698475],[126.80574247,37.34701382],[126.80544719,37.34702238],[126.80515210,37.34701036],[126.80485944,37.34697784],[126.80457145,37.34692509],[126.80429031,37.34685250],[126.80401816,37.34676062],[126.80375709,37.34665016],[126.80350906,37.34652195],[126.80327598,37.34637697],[126.80305961,37.34621632],[126.80286161,37.34604122],[126.80268347,37.34585302],[126.80252656,37.34565314],[126.80239206,37.34544309],[126.80228101,37.34522449],[126.80219425,37.34499899],[126.80213243,37.34476832],[126.80209603,37.34453422],[126.80208532,37.34429847],[126.80210039,37.34406288],[126.80214112,37.34382924],[126.80220720,37.34359932],[126.80229813,37.34337487],[126.80241321,37.34315760],[126.80255157,37.34294917],[126.80271215,37.34275115],[126.80289374,37.34256507],[126.80309496,37.34239233],[126.80331426,37.34223424],[126.80354998,37.34209202],[126.80380033,37.34196674],[126.80406340,37.34185936],[126.80433719,37.34177070],[126.80461962,37.34170142],[126.80490854,37.34165206],[126.80520174,37.34162299],[126.80549700,37.34161443],[126.80579207,37.34162646],[126.80608471,37.34165896],[126.80637268,37.34171171],[126.80665381,37.34178430],[126.80692594,37.34187617],[126.80718700,37.34198663],[126.80743502,37.34211483],[126.80766809,37.34225980],[126.80788446,37.34242044],[126.80808247,37.34259553],[126.80826061,37.34278373],[126.80841753,37.34298360],[126.80855204,37.34319364],[126.80866311,37.34341223],[126.80874989,37.34363773],[126.80881173,37.34386840],[126.80884815,37.34410250],[126.80885888,37.34433824]]]}"
시흥시,정왕동,2017,스쿨존내어린이사고다발지,6394245,2018027,4139013200,41390001,경기도 시흥시1,경기도 시흥시 정왕동(보람유치원 부근),1,1,1,0,0,0,37.342912826167,126.754218608603,"{""type"":""Polygon"",""coordinates"":[[[126.75760975,37.34293416],[126.75759453,37.34317005],[126.75755361,37.34340399],[126.75748730,37.34363419],[126.75739612,37.34385890],[126.75728076,37.34407641],[126.75714209,37.34428506],[126.75698117,37.34448327],[126.75679922,37.34466953],[126.75659764,37.34484242],[126.75637794,37.34500062],[126.75614181,37.34514294],[126.75589104,37.34526828],[126.75562754,37.34537569],[126.75535332,37.34546436],[126.75507046,37.34553361],[126.75478112,37.34558292],[126.75448750,37.34561190],[126.75419183,37.34562034],[126.75389636,37.34560817],[126.75360335,37.34557549],[126.75331502,37.34552254],[126.75303356,37.34544974],[126.75276113,37.34535762],[126.75249979,37.34524690],[126.75225153,37.34511841],[126.75201825,37.34497314],[126.75180171,37.34481218],[126.75160357,37.34463678],[126.75142533,37.34444824],[126.75126835,37.34424803],[126.75113382,37.34403765],[126.75102278,37.34381872],[126.75093605,37.34359289],[126.75087431,37.34336188],[126.75083802,37.34312746],[126.75082746,37.34289140],[126.75084271,37.34265551],[126.75088365,37.34242157],[126.75094997,37.34219138],[126.75104117,37.34196667],[126.75115655,37.34174917],[126.75129523,37.34154052],[126.75145616,37.34134232],[126.75163811,37.34115607],[126.75183970,37.34098319],[126.75205939,37.34082499],[126.75229552,37.34068269],[126.75254627,37.34055735],[126.75280976,37.34044995],[126.75308397,37.34036128],[126.75336681,37.34029204],[126.75365613,37.34024274],[126.75394973,37.34021375],[126.75424538,37.34020532],[126.75454083,37.34021748],[126.75483382,37.34025016],[126.75512213,37.34030310],[126.75540357,37.34037590],[126.75567599,37.34046801],[126.75593731,37.34057873],[126.75618556,37.34070721],[126.75641884,37.34085247],[126.75663538,37.34101342],[126.75683353,37.34118882],[126.75701177,37.34137734],[126.75716876,37.34157755],[126.75730330,37.34178792],[126.75741436,37.34200685],[126.75750110,37.34223268],[126.75756286,37.34246368],[126.75759917,37.34269810],[126.75760975,37.34293416]]]}"
성남시,중원구,2017,스쿨존내어린이사고다발지,6394251,2018027,4113310400,41133001,경기도 성남시 중원구1,경기도 성남시 중원구 은행동(중부초교 부근),1,1,1,0,0,0,37.450731226965,127.165031940972,"{""type"":""Polygon"",""coordinates"":[[[127.16840912,37.45074075],[127.16839523,37.45097538],[127.16835575,37.45120815],[127.16829097,37.45143729],[127.16820138,37.45166105],[127.16808768,37.45187774],[127.16795071,37.45208571],[127.16779154,37.45228336],[127.16761135,37.45246921],[127.16741154,37.45264182],[127.16719361,37.45279990],[127.16695923,37.45294223],[127.16671018,37.45306773],[127.16644836,37.45317545],[127.16617576,37.45326457],[127.16589445,37.45333441],[127.16560658,37.45338444],[127.16531433,37.45341427],[127.16501993,37.45342368],[127.16472563,37.45341260],[127.16443365,37.45338111],[127.16414623,37.45332946],[127.16386555,37.45325802],[127.16359375,37.45316736],[127.16333290,37.45305816],[127.16308498,37.45293125],[127.16285187,37.45278759],[127.16263536,37.45262829],[127.16243709,37.45245454],[127.16225857,37.45226768],[127.16210116,37.45206913],[127.16196605,37.45186039],[127.16185428,37.45164306],[127.16176670,37.45141879],[127.16170396,37.45118929],[127.16166655,37.45095631],[127.16165476,37.45072161],[127.16166867,37.45048698],[127.16170817,37.45025422],[127.16177297,37.45002508],[127.16186257,37.44980132],[127.16197630,37.44958463],[127.16211327,37.44937668],[127.16227246,37.44917903],[127.16245265,37.44899319],[127.16265246,37.44882058],[127.16287039,37.44866252],[127.16310476,37.44852019],[127.16335380,37.44839470],[127.16361561,37.44828698],[127.16388820,37.44819787],[127.16416949,37.44812804],[127.16445734,37.44807802],[127.16474957,37.44804819],[127.16504395,37.44803877],[127.16533823,37.44804985],[127.16563018,37.44808134],[127.16591758,37.44813299],[127.16619825,37.44820442],[127.16647003,37.44829507],[127.16673087,37.44840427],[127.16697879,37.44853117],[127.16721189,37.44867482],[127.16742840,37.44883412],[127.16762667,37.44900786],[127.16780519,37.44919471],[127.16796261,37.44939325],[127.16809773,37.44960198],[127.16820952,37.44981931],[127.16829712,37.45004357],[127.16835988,37.45027307],[127.16839731,37.45050605],[127.16840912,37.45074075]]]}"
구리시,인창동,2017,스쿨존내어린이사고다발지,6394234,2018027,4131010300,41310001,경기도 구리시1,경기도 구리시 인창동(동인초교 부근),2,2,0,1,1,0,37.610915785336,127.133115238978,"{""type"":""Polygon"",""coordinates"":[[[127.13651425,37.61092630],[127.13650017,37.61116193],[127.13646032,37.61139569],[127.13639502,37.61162579],[127.13630476,37.61185049],[127.13619022,37.61206808],[127.13605228,37.61227690],[127.13589198,37.61247536],[127.13571055,37.61266195],[127.13550937,37.61283525],[127.13528996,37.61299394],[127.13505401,37.61313681],[127.13480329,37.61326278],[127.13453973,37.61337089],[127.13426532,37.61346032],[127.13398217,37.61353037],[127.13369241,37.61358053],[127.13339826,37.61361041],[127.13310195,37.61361978],[127.13280575,37.61360857],[127.13251190,37.61357686],[127.13222265,37.61352490],[127.13194019,37.61345309],[127.13166667,37.61336196],[127.13140418,37.61325222],[127.13115471,37.61312469],[127.13092016,37.61298035],[127.13070232,37.61282030],[127.13050285,37.61264576],[127.13032326,37.61245804],[127.13016491,37.61225859],[127.13002903,37.61204893],[127.12991663,37.61183063],[127.12982858,37.61160538],[127.12976554,37.61137488],[127.12972799,37.61114088],[127.12971623,37.61090517],[127.12973033,37.61066954],[127.12977019,37.61043579],[127.12983552,37.61020569],[127.12992580,37.60998099],[127.13004035,37.60976341],[127.13017830,37.60955460],[127.13033861,37.60935615],[127.13052004,37.60916957],[127.13072123,37.60899628],[127.13094063,37.60883760],[127.13117658,37.60869473],[127.13142729,37.60856876],[127.13169084,37.60846066],[127.13196523,37.60837124],[127.13224837,37.60830119],[127.13253811,37.60825104],[127.13283224,37.60822116],[127.13312852,37.60821179],[127.13342470,37.60822300],[127.13371853,37.60825471],[127.13400777,37.60830666],[127.13429021,37.60837847],[127.13456371,37.60846959],[127.13482619,37.60857933],[127.13507565,37.60870685],[127.13531019,37.60885118],[127.13552803,37.60901122],[127.13572751,37.60918576],[127.13590711,37.60937346],[127.13606546,37.60957290],[127.13620135,37.60978257],[127.13631377,37.61000085],[127.13640184,37.61022610],[127.13646490,37.61045660],[127.13650246,37.61069060],[127.13651425,37.61092630]]]}"
안산시,상록구,2017,스쿨존내어린이사고다발지,6393995,2018027,4127110400,41271001,경기도 안산시 상록구1,경기도 안산시 상록구 본오동(본원초교 부근),3,3,0,1,2,0,37.291460766502,126.86300000165,"{""type"":""Polygon"",""coordinates"":[[[126.86638445,37.29147893],[126.86636959,37.29171454],[126.86632909,37.29194821],[126.86626325,37.29217817],[126.86617258,37.29240267],[126.86605776,37.29262001],[126.86591967,37.29282852],[126.86575936,37.29302662],[126.86557804,37.29321281],[126.86537710,37.29338566],[126.86515808,37.29354386],[126.86492262,37.29368621],[126.86467253,37.29381162],[126.86440971,37.29391914],[126.86413616,37.29400795],[126.86385397,37.29407737],[126.86356527,37.29412688],[126.86327227,37.29415609],[126.86297720,37.29416479],[126.86268230,37.29415292],[126.86238982,37.29412055],[126.86210199,37.29406794],[126.86182099,37.29399549],[126.86154896,37.29390374],[126.86128798,37.29379340],[126.86104003,37.29366531],[126.86080699,37.29352044],[126.86059065,37.29335990],[126.86039265,37.29318490],[126.86021449,37.29299678],[126.86005753,37.29279697],[126.85992297,37.29258699],[126.85981183,37.29236844],[126.85972495,37.29214298],[126.85966299,37.29191233],[126.85962644,37.29167824],[126.85961556,37.29144250],[126.85963043,37.29120690],[126.85967095,37.29097323],[126.85973681,37.29074327],[126.85982750,37.29051878],[126.85994233,37.29030145],[126.86008044,37.29009294],[126.86024076,37.28989485],[126.86042208,37.28970867],[126.86062302,37.28953583],[126.86084204,37.28937763],[126.86107749,37.28923529],[126.86132757,37.28910989],[126.86159038,37.28900238],[126.86186391,37.28891358],[126.86214609,37.28884416],[126.86243477,37.28879465],[126.86272775,37.28876544],[126.86302280,37.28875674],[126.86331767,37.28876861],[126.86361013,37.28880098],[126.86389795,37.28885359],[126.86417893,37.28892603],[126.86445094,37.28901777],[126.86471191,37.28912810],[126.86495986,37.28925619],[126.86519289,37.28940105],[126.86540922,37.28956159],[126.86560723,37.28973657],[126.86578540,37.28992469],[126.86594236,37.29012449],[126.86607694,37.29033446],[126.86618810,37.29055301],[126.86627500,37.29077846],[126.86633697,37.29100911],[126.86637354,37.29124319],[126.86638445,37.29147893]]]}"
안산시,단원구,2016,스쿨존내어린이사고다발지,6229776,2017026,4127310200,41273003,경기도 안산시 단원구3,경기도 안산시 단원구 와동(와동초교 부근),2,2,0,0,2,0,37.336341400836,126.830516120624,"{""type"":""Polygon"",""coordinates"":[[[126.83390255729466,37.336360516638436],[126.8338917519222,37.336124775869877],[126.83385525607498,37.335890683278215],[126.83379334774118,37.335660022425571],[126.83370649931858,37.335434547306519],[126.8335953697845,37.335215973291646],[126.83346080704895,37.335005965424834],[126.83330383455385,37.334806121224283],[126.83312564683996,37.334617960745177],[126.8329276005921,37.334442917518842],[126.83271120349212,37.334282322268457],[126.83247810072025,37.334137397428464],[126.83223006827856,37.33400924629386],[126.83196899275482,37.333898843895895],[126.83169686010227,37.333807029731005],[126.83141574325988,37.333734504088447],[126.8311277808078,37.333681817115853],[126.8308351622848,37.333649370541139],[126.83054011696436,37.333637411301147],[126.8302448890388,37.333646030500809],[126.82995172409086,37.333675162435767],[126.8296628555497,37.333724585416753],[126.82938047985877,37.333793922529651],[126.82910674514035,37.333882647879356],[126.82884373654532,37.333990084702052],[126.82859345471678,37.334115416057116],[126.82835780334693,37.334257688359152],[126.82813857782925,37.334415818521393],[126.82793744486277,37.334588602850147],[126.82775593558411,37.334774727818889],[126.82759543197348,37.334972775395485],[126.82745715541986,37.33518123919869],[126.82734215760696,37.335398533456605],[126.82725131590446,37.335623002892788],[126.8271853196635,37.335852939771698],[126.82714467236237,37.336086595626711],[126.82712968361649,37.336322190226852],[126.82714046786367,37.336557931398481],[126.82717694313004,37.336792025834384],[126.82723883205297,37.337022689916409],[126.82732566282419,37.337248169551785],[126.82743677700283,37.337466749232838],[126.82757132714548,37.337676763743417],[126.82772829019284,37.337876615363484],[126.82790647189115,37.33806478381242],[126.82810451573847,37.338239835316728],[126.82832091412577,37.338400438901687],[126.8285540218338,37.338545371879697],[126.82880206271045,37.338673530708405],[126.82906314991166,37.338783940122809],[126.82933529712948,37.338875760413302],[126.82961643098224,37.338948291104472],[126.82990441237295,37.339000981895296],[126.83019705118761,37.339033430941853],[126.83049211753591,37.33904539123219],[126.83078736658672,37.339036771629459],[126.83108055211548,37.339007637850273],[126.83136944006756,37.338958211639927],[126.83165183340984,37.338888870010663],[126.8319255834837,37.338800138994785],[126.83218860467163,37.338692695528337],[126.83243889594793,37.338567356753771],[126.83267455333335,37.33842507648189],[126.8328937812516,37.338266938041698],[126.83309491293076,37.338094145378342],[126.83327641727323,37.337908012271598],[126.83343691244892,37.337709957000889],[126.83357517732502,37.337501486181246],[126.83369016057267,37.337284185797706],[126.83378098526481,37.337059711312953],[126.83384696256714,37.336829770615793],[126.83388758957662,37.336596112288923],[126.83390255729466,37.336360516638436]]]}"
안산시,단원구,2016,스쿨존내어린이사고다발지,6230085,2017026,4127310700,41273001,경기도 안산시 단원구1,경기도 안산시 단원구 초지동(초지초교 부근),2,5,2,2,1,0,37.311003479728,126.813468988304,"{""type"":""Polygon"",""coordinates"":[[[126.81685427659961,37.311023071371132],[126.81684352690684,37.310787328604874],[126.81680709504876,37.310553231304063],[126.81674525855024,37.31032256036967],[126.81665848923785,37.310097072570372],[126.81654744548743,37.30987848337309],[126.81641297457942,37.309668455240512],[126.81625609923286,37.309468588542252],[126.81607801324937,37.309280403504772],[126.81588007256356,37.309105331149361],[126.81566378402975,37.308944705118186],[126.81543079201076,37.308799747178419],[126.81518287166521,37.308671560877343],[126.81492190872844,37.308561121513755],[126.81464988828934,37.308469269766633],[126.81436888245668,37.308396703514418],[126.81408102781383,37.308343975904251],[126.8137885164646,37.308311488091292],[126.81349357348972,37.308299487306932],[126.81319844343169,37.308308064978583],[126.81290537112903,37.308337155717702],[126.81261658930522,37.308386538148802],[126.81233429260813,37.308455836560732],[126.81206063196007,37.308544522675234],[126.81179768854673,37.308651922704712],[126.81154746365203,37.308777219093599],[126.81131186053511,37.308919458522304],[126.81109267422153,37.309077558154428],[126.81089157110428,37.309250315429651],[126.81071008211681,37.309436414330158],[126.81054958906023,37.309634439719353],[126.81041131211441,37.309842885378217],[126.81029630636716,37.310060162995335],[126.81020544471818,37.310284620092084],[126.81013942117576,37.310514549052797],[126.810098736073,37.310748198754503],[126.81008370041684,37.310983791716815],[126.81009442900162,37.311219535778655],[126.81013084030123,37.311453634913804],[126.81019265627877,37.311684309060304],[126.81027940908234,37.311909801371321],[126.81039043635822,37.312128396216906],[126.81052489581407,37.312338430087394],[126.81068176170361,37.31253830509597],[126.81085984166532,37.31272649809361],[126.81105777993922,37.312901578718488],[126.8112740697444,37.313062213077167],[126.81150706667944,37.313207179149494],[126.81175499543626,37.313335373141015],[126.81201597002399,37.313445819519316],[126.81228800387133,37.313537677385732],[126.81256902781307,37.313610248695319],[126.81285690023613,37.313662980121251],[126.81314943297599,37.313695470418459],[126.81344439695906,37.313707471359287],[126.8137395481087,37.313698894194701],[126.81403263984143,37.313669801614715],[126.81432144218614,37.313620415971521],[126.8146037553921,37.313551113047822],[126.81487743251478,37.313462421285031],[126.81514038851681,37.313355014622886],[126.81539062286035,37.313229710825041],[126.81562623199913,37.313087463436162],[126.81584542072454,37.312929355534592],[126.81604652257036,37.312756589931844],[126.81622800664184,37.312570482898792],[126.81638849129534,37.312372448917785],[126.81652675545354,37.312163997138967],[126.8166417477926,37.311946713402563],[126.81673259133255,37.311722251248476],[126.8167985970947,37.311492318471991],[126.81683926193529,37.311258666292566],[126.81685427659961,37.311023071371132]]]}"
수원시,영통구,2016,스쿨존내어린이사고다발지,6229760,2017026,4111710700,41117001,경기도 수원시 영통구1,경기도 수원시 영통구 망포동(태장초교 부근),2,3,0,0,2,1,37.241307591373,127.054255689749,"{""type"":""Polygon"",""coordinates"":[[[127.05763799852545,37.241320275649571],[127.05762650511227,37.241084546634568],[127.05758935788616,37.240850514652529],[127.05752683979691,37.240619962803287],[127.05743942787561,37.240394644248852],[127.05732778538693,37.240176273171556],[127.05719276414496,37.239966513066463],[127.05703539107759,37.239766959567206],[127.05685686376974,37.239579130516695],[127.05665854149257,37.239404456922983],[127.05644193402188,37.239244266695508],[127.05620868813988,37.239099779189921],[127.05596058093484,37.238972094369643],[127.05569949956272,37.238862183719718],[127.05542743001924,37.238770882996633],[127.05514644476457,37.238698888579357],[127.05485868137274,37.238646746575043],[127.05456632787214,37.238614854568794],[127.05427161151688,37.238603455273356],[127.05397677399809,37.238612635535432],[127.0536840579295,37.238642325383772],[127.05339569332256,37.238692298879442],[127.05311387278714,37.238762174922968],[127.0528407402287,37.238851423519904],[127.05257837621043,37.238959363920962],[127.05232877647515,37.239085175355122],[127.05209383952811,37.239227900585398],[127.05187535532421,37.239386453074175],[127.05167498492406,37.239559625916662],[127.05149425366638,37.239746102628402],[127.05133453760648,37.239944462498613],[127.05119705214375,37.240153196768965],[127.05108284294542,37.240370717609778],[127.05099278137278,37.240595368015207],[127.05092755084442,37.24082543887544],[127.0508876490142,37.241059180701114],[127.05087337981742,37.241294812605524],[127.05088485221722,37.241530542129645],[127.0509219790038,37.241764576054045],[127.0509844778485,37.241995131219852],[127.05107187230485,37.242220454364237],[127.05118349963887,37.242438831165529],[127.05131850849702,37.242648597954627],[127.0514758723276,37.242848158894859],[127.05165439382634,37.243035995917218],[127.05185271389865,37.24321067777143],[127.05206932283569,37.243370876297043],[127.05230257381069,37.243515371886332],[127.05255068958063,37.243643064330172],[127.05281178272932,37.243752981911946],[127.05308386690326,37.243844288664555],[127.05336486919767,37.243916288025773],[127.05365265152075,37.243968433738246],[127.05394502526903,37.244000328104221],[127.05423976257302,37.244011728339231],[127.05453462110518,37.244002547568044],[127.05482735761333,37.243972855777351],[127.05511574146483,37.24392287896513],[127.05539757946521,37.243852998331626],[127.05567072717827,37.243763744010707],[127.0559331035804,37.243655796925651],[127.05618271255244,37.243529978050532],[127.05641765530861,37.243387244848378],[127.05663614171733,37.24322868409913],[127.05683651065118,37.243055502958484],[127.05701723681582,37.242869018163056],[127.05717694431084,37.242670650669268],[127.05731441799699,37.242461909467067],[127.05742861256488,37.242244382596716],[127.05751865709777,37.242019727247381],[127.05758386869486,37.24178965267896],[127.05762375027743,37.241555908493552],[127.05763799852545,37.241320275649571]]]}"
부천시,소사구,2016,스쿨존내어린이사고다발지,6229772,2017026,4119710200,41197001,경기도 부천시 소사구1,경기도 부천시 소사구 심곡본동(부천남초교 부근),2,2,0,2,0,0,37.481717125246,126.782022384427,"{""type"":""Polygon"",""coordinates"":[[[126.78541533646921,37.481737696044938],[126.78540466953905,37.481501957956873],[126.78536826149468,37.481267856949856],[126.78530638965644,37.481037176650148],[126.78521952614919,37.480811671200847],[126.78510833006284,37.480593056202387],[126.78497364981818,37.480382997011205],[126.78481650975176,37.48018309153553],[126.78463810568094,37.479994860296486],[126.784439795938,37.479819737363684],[126.78422309021248,37.479659054066659],[126.78398963603023,37.479514033508664],[126.78374121207138,37.479385779713482],[126.78347970790142,37.479275268492685],[126.7832071127339,37.479183340169982],[126.78292550302987,37.479110695903728],[126.78263702111911,37.479057886743583],[126.78234386048837,37.479025315346156],[126.78204825454026,37.479013229598891],[126.78175245172997,37.479021721568792],[126.78145870201185,37.479050726519084],[126.78116924326847,37.479100023727916],[126.78088627643037,37.479169237237556],[126.7806119541146,37.479257842093283],[126.7803483659474,37.47936516244939],[126.78009751697924,37.47949038225152],[126.77986131521543,37.479632548763142],[126.7796415602414,37.479790579703909],[126.77943992278202,37.479963272135002],[126.77925793781284,37.480149313229958],[126.77909699093641,37.480347285595769],[126.77895830691455,37.480555683424036],[126.77884294053058,37.480772921445187],[126.77875177196499,37.480997344812202],[126.77868549305309,37.481227246139724],[126.77864460942678,37.481460877232514],[126.77862943250294,37.481696458048539],[126.77864007815299,37.481932196519416],[126.77867646545872,37.48216629935861],[126.77873831773006,37.482396982884239],[126.77882516343661,37.482622492855093],[126.77893634402929,37.482841113533496],[126.77907101155817,37.48305117939033],[126.77922814207304,37.483251092314852],[126.77940654004665,37.48343933155963],[126.77960484733215,37.483614462811786],[126.77982155431454,37.483775154488988],[126.78005501342984,37.483920183233408],[126.78030344584795,37.484048444772476],[126.78056496174648,37.484158963059343],[126.78083757155545,37.484250897555619],[126.78111919836893,37.484323546915334],[126.78140769933722,37.48437635993406],[126.78170088039469,37.484408933837997],[126.78199650751789,37.484421020663497],[126.7822923316083,37.48441252831082],[126.7825861020651,37.484383521528336],[126.78287558037532,37.484334221093619],[126.78315856501411,37.48426500306239],[126.78343290282356,37.484176392526734],[126.78369650370654,37.484069065504976],[126.78394736222626,37.483943838253992],[126.78418357008728,37.483801663736628],[126.78440332751875,37.483643624476528],[126.78460496372129,37.48347092366523],[126.78478694375738,37.483284874383862],[126.78494788217455,37.483086894274159],[126.78508655446784,37.482878489379821],[126.78520190621036,37.482661245185092],[126.78529305766652,37.482436816724658],[126.78535931752087,37.482206911538519],[126.78540018072047,37.481973277939218],[126.78541533646921,37.481737696044938]]]}"
광주시,중대동,2016,스쿨존내어린이사고다발지,6229755,2017026,4161010800,41610001,경기도 광주시1,경기도 광주시 중대동(광남초교 부근),2,2,0,0,2,0,37.393969668866,127.231344945814,"{""type"":""Polygon"",""coordinates"":[[[127.23473416742426,37.393977320555678],[127.23472210086457,37.393741612273004],[127.23468433225443,37.393507639160511],[127.23462114927888,37.393277183868868],[127.23453303402874,37.393051998822649],[127.23442065511625,37.392833797190264],[127.23428486996801,37.392624241173166],[127.23412671132218,37.39242492485198],[127.23394738273933,37.392237364263991],[127.23374824959247,37.392062988372537],[127.23353082782471,37.391903122820182],[127.233296770411,37.391758984493684],[127.23304786061883,37.39163167069578],[127.23278599170753,37.39152215008918],[127.23251315566084,37.391431255463317],[127.23223143077783,37.391359680103825],[127.23194296025358,37.3913079669301],[127.23164993749397,37.39127651026697],[127.23135459484953,37.391265549511004],[127.23105917877396,37.391275168173827],[127.23076593628011,37.391305292950257],[127.23047710138957,37.391355694588711],[127.23019487028485,37.391425988734994],[127.22992138999821,37.391515642214884],[127.22965874373953,37.391623971195699],[127.22940892939971,37.391750151951392],[127.2291738471164,37.391893224436608],[127.22895528795489,37.392052099468657],[127.22875491354355,37.392225567691199],[127.22857424925738,37.392412310371611],[127.22841467064138,37.392610904774415],[127.22827739205268,37.392819840356808],[127.22816345758629,37.39303752775804],[127.22807373651548,37.393262308701402],[127.22800890966668,37.393492473086397],[127.22796947162925,37.393726270709685],[127.22795572280637,37.393961920259123],[127.22796776820499,37.394197629140294],[127.22800551625777,37.394431604289977],[127.22806867990452,37.394662062995629],[127.22815677764149,37.394887252728893],[127.22826914138864,37.39510546017906],[127.22840491418022,37.3953150229678],[127.22856306365345,37.395514346808774],[127.22874238652649,37.395701915436227],[127.22894151759984,37.395876299642509],[127.22915894099334,37.396036173532437],[127.22939300368272,37.396180319965936],[127.22964192224013,37.396307641393911],[127.22990380313988,37.396417168921815],[127.23017665403411,37.396508069549974],[127.23045839617247,37.396579649810306],[127.2307468858356,37.396631366634502],[127.23103992903621,37.396662825586901],[127.23133529280256,37.396673787201287],[127.23163073003921,37.396664167939996],[127.2319239930904,37.396634041126362],[127.23221284730978,37.396583636073935],[127.23249509592763,37.396513337240563],[127.23276859137962,37.396423677942906],[127.23303124999498,37.396315342190455],[127.23328107350737,37.396189153914975],[127.2335161615005,37.396046073390302],[127.23373472273549,37.395887190043418],[127.2339350955211,37.39571371348331],[127.23411575453163,37.395526962695897],[127.23427532438238,37.395328360663008],[127.23441259098261,37.395119418159304],[127.23452651060147,37.394901724755776],[127.23461621441695,37.394676938911608],[127.23468102212685,37.394446770876108],[127.2347204397233,37.394212970963565],[127.23473416742426,37.393977320555678]]]}"
광명시,철산동,2016,스쿨존내어린이사고다발지,6229766,2017026,4121010200,41210001,경기도 광명시1,경기도 광명시 철산동(광명북초교 부근),2,2,0,2,0,0,37.488156579563,126.867871562624,"{""type"":""Polygon"",""coordinates"":[[[126.87126486556539,37.488174687470817],[126.87125392813549,37.487938954860908],[126.87121724898184,37.487704878032687],[126.8711551074903,37.487474240427936],[126.87106797783603,37.487248795863628],[126.87095652113331,37.487030259478004],[126.87082158778792,37.486820296027432],[126.87066420406113,37.4866205026918],[126.87048556762309,37.486432399138678],[126.87028703857564,37.486257418465406],[126.87007012827502,37.486096890918475],[126.86983648580343,37.485952038417047],[126.86958789127385,37.485823963704526],[126.86932623554873,37.485713641230447],[126.8690535089936,37.485621909882909],[126.86877178907075,37.485549469320034],[126.86848321894621,37.485496869042038],[126.8681899927784,37.485464510117545],[126.86789434446861,37.485452638815602],[126.86759852279435,37.485461345572361],[126.86730477785325,37.485490564017645],[126.86701534749189,37.485540071803406],[126.86673243242399,37.485609491371036],[126.86645818487487,37.485698296198557],[126.86619469390068,37.485805808917206],[126.86594396381349,37.485931212009568],[126.86570790171463,37.486073551345108],[126.86548830612711,37.486231743326883],[126.86528684656305,37.486404583791781],[126.86510505664656,37.486590758786399],[126.86494432049467,37.486788849898218],[126.86480586126723,37.486997350415102],[126.86469073203808,37.487214674286307],[126.86459981118189,37.487439166009665],[126.86453378864971,37.487669117680824],[126.86449316812438,37.487902780720269],[126.86447825901848,37.488138374842343],[126.86448917516628,37.488374107876837],[126.86452583359188,37.48860818657824],[126.86458795553945,37.488838827447843],[126.86467506742747,37.489064276569451],[126.86478650868149,37.489282818666446],[126.86492142936528,37.489492788808825],[126.86507880360215,37.489692589613419],[126.86525743401032,37.489880701185726],[126.86545596067121,37.490055690184711],[126.86567287230105,37.490216226110917],[126.86590651977731,37.490361086790628],[126.86615512283487,37.4904891692319],[126.86641679035219,37.49059949875037],[126.86668953160547,37.490691236243926],[126.86697126868579,37.490763681867669],[126.86725985790576,37.490816285967611],[126.86755310452693,37.490848647359037],[126.86784877402631,37.490860519697911],[126.86814461698269,37.490851812516581],[126.86843838265185,37.490822592198121],[126.86872783255718,37.490773081147523],[126.86901076539135,37.490703657022564],[126.86928502838914,37.49061484648368],[126.86954853202496,37.490507327073217],[126.86979927160203,37.490381916511893],[126.8700353397308,37.490239569157168],[126.87025493770483,37.490081368849701],[126.87045639593971,37.489908520005507],[126.87063818085156,37.489722336832614],[126.87079890847544,37.48952423799205],[126.8709373559107,37.489315730430775],[126.87105247044165,37.489098400413539],[126.87114337414039,37.48887390362934],[126.87120937757715,37.488643948136222],[126.87124997764913,37.488410282629836],[126.87126486556539,37.488174687470817]]]}"
이천시,송정동,2016,스쿨존내어린이사고다발지,6230087,2017026,4150011000,41500001,경기도 이천시1,경기도 이천시 송정동(송정초교 부근),2,2,0,1,1,0,37.294346083906,127.433894092639,"{""type"":""Polygon"",""coordinates"":[[[127.43727887546305,37.294347926614563],[127.43726619094446,37.294112234068223],[127.43722784287631,37.293878320784124],[127.43716412335735,37.293647968956613],[127.43707551855478,37.29342293022021],[127.43696270080589,37.293204916632838],[127.43682653087662,37.292995588960942],[127.43666804443053,37.292796539548256],[127.43648844751887,37.292609282400974],[127.43628910755821,37.292435244172232],[127.43607154205949,37.292275747934333],[127.43583740509276,37.29213200776671],[127.43558848052787,37.292005117939041],[127.43532666173616,37.291896043889864],[127.43505394031837,37.2918056150124],[127.43477239370232,37.291734521045278],[127.4344841625941,37.29168330124584],[127.4341914419585,37.291652346190233],[127.4338964584679,37.291641891452457],[127.43360145697352,37.291652016696609],[127.43330868133543,37.291682644764975],[127.43302036202047,37.291733542572331],[127.43273869016123,37.291804321991663],[127.43246581191754,37.291894446159404],[127.43220380253653,37.292003227655783],[127.43195465506727,37.292129839312679],[127.43172026795223,37.292273317809155],[127.43150242246016,37.292432570866445],[127.43130277816748,37.292606386255848],[127.43112285489758,37.2927934426015],[127.43096402030457,37.292992314777955],[127.43082748308674,37.29320149012792],[127.43071428507687,37.293419377468432],[127.43062528543248,37.293644316993948],[127.43056116287026,37.293874597401725],[127.43052240662179,37.294108467602577],[127.43050930964752,37.294344145729447],[127.43052197312275,37.29457983896971],[127.43056029964897,37.294813754377714],[127.43062400000444,37.295044109695858],[127.43071258860404,37.295269153183526],[127.43082539025232,37.29548717263657],[127.43096154915141,37.295696507112879],[127.43112002662235,37.295895564060004],[127.43129961688651,37.296082829242863],[127.43149895495165,37.296256875765394],[127.4317165233644,37.296416380303334],[127.43195066461564,37.296560128523133],[127.43219959918414,37.296687025912973],[127.43246143004404,37.296796106802688],[127.43273416522797,37.296886541591185],[127.43301573023956,37.296957641263518],[127.43330397933728,37.297008863709657],[127.43359672148627,37.297039820952406],[127.43389172601064,37.297050276447969],[127.4341867485484,37.297040150509915],[127.43447954347182,37.297009520316351],[127.43476788307781,37.296958619920403],[127.43504957114084,37.296887834848398],[127.4353224654851,37.296797704814971],[127.43558448702456,37.296688916514839],[127.43583364234075,37.296562297322872],[127.43606803610325,37.296418810790811],[127.43628588236257,37.296259549439071],[127.43648552486951,37.296085725750295],[127.43666544385486,37.295898661352467],[127.43682426957254,37.295699781614481],[127.43696079359394,37.295490599423317],[127.43707397783761,37.295272706171787],[127.43716295908571,37.295047761842469],[127.43722706253099,37.294817477885935],[127.43726579952258,37.294583605499234],[127.43727887546305,37.294347926614563]]]}"
안산시,단원구,2016,스쿨존내어린이사고다발지,6230086,2017026,4127310200,41273002,경기도 안산시 단원구2,경기도 안산시 단원구 와동(화랑초교 부근),2,4,0,3,1,0,37.331603631104,126.817938916549,"{""type"":""Polygon"",""coordinates"":[[[126.82132513146743,37.331623104127161],[126.82131436587704,37.331387361514942],[126.82127791230634,37.331153266172088],[126.82121604620488,37.330922598070373],[126.82112923962504,37.330697113956838],[126.82101815460341,37.330478529289749],[126.82088363534952,37.330268507379138],[126.82072670610331,37.330068645856549],[126.82054856105229,37.329880467606166],[126.82035055658886,37.329705402696135],[126.82013419892419,37.329544784705426],[126.81990113632416,37.329399835359411],[126.81965313997881,37.329271658113939],[126.81939209957901,37.329161228218268],[126.81912000080276,37.329069386279315],[126.81883891410651,37.328996830087846],[126.81855097781713,37.328944112720968],[126.81825838465174,37.328911636157144],[126.81796335920092,37.328899645739874],[126.81766814887516,37.328908233731994],[126.8173749991316,37.32893733376514],[126.81708613988978,37.328986726169362],[126.81680377090008,37.329056034282459],[126.816530040258,37.329144729732782],[126.81626702968154,37.329252138661815],[126.81601674321443,37.329377443459293],[126.81578108458413,37.329519690741769],[126.81556184586168,37.32967779759354],[126.81536069721598,37.329850561419001],[126.81517916879847,37.330036666143982],[126.81501864270234,37.330234697489018],[126.81488034051205,37.330443146499185],[126.81476531523487,37.330660427521686],[126.81467444105562,37.330884887157268],[126.81460841095016,37.331114817764366],[126.81456772754989,37.331348468220583],[126.81455270071244,37.331584061934535],[126.81456344518992,37.331819804042304],[126.81459987931089,37.332053901229607],[126.81466172600163,37.332284572554535],[126.81474851492847,37.332510061178581],[126.81485958459099,37.3327286515064],[126.81499409123826,37.332938680957334],[126.8151510110376,37.333138548994143],[126.8153291500644,37.333326735211301],[126.8155271521173,37.33350180839723],[126.81574351105856,37.333662434721553],[126.81597657858332,37.333807392205614],[126.81622458222331,37.333935577139869],[126.81648563541792,37.334046014060718],[126.81675774874837,37.334137862128465],[126.8170388524448,37.334210423372625],[126.81732680766383,37.334263144562613],[126.81761942110494,37.334295624505074],[126.81791446644884,37.334307615972108],[126.81820969902438,37.334299027589623],[126.81850286935455,37.3342699248172],[126.8187917480071,37.334220529189764],[126.81907413464982,37.334151216566177],[126.81934788065099,37.334062515455102],[126.81961090269721,37.333955099880548],[126.81986119974808,37.333829787674027],[126.8200968644026,37.333687532424818],[126.82031610553557,37.333529417297129],[126.82051725290466,37.333356645138082],[126.82069877639745,37.333170532274998],[126.82085929406203,37.332972494136023],[126.82099758459445,37.332764037205862],[126.82111259531742,37.332546750054597],[126.82120345249649,37.332322285366288],[126.82126946367231,37.332092350936087],[126.82131012565999,37.331858697996068],[126.82132513146743,37.331623104127161]]]}"
부천시,원미구,2015,스쿨존내어린이사고다발지,6138559,2016040,4119510700,41195001,경기도 부천시 원미구1,경기도 부천시 원미구 역곡동(동곡초교 부근),2,2,1,1,0,0,37.490022740258,126.816710197119,"{ ""type"": ""Polygon"", ""coordinates"": [ [ [ 127.03603870029276, 37.484478657824965 ], [ 127.03602724532618, 37.484242935699015 ], [ 127.03599005312969, 37.484008907096396 ], [ 127.035927408151, 37.483778351496987 ], [ 127.03583978499763, 37.48355302387391 ], [ 127.03572785191095, 37.483334640286806 ], [ 127.0355924618159, 37.483124860722846 ], [ 127.03543464443045, 37.482925283660173 ], [ 127.03525560072752, 37.482737426218996 ], [ 127.03505669391609, 37.48256271872129 ], [ 127.03483943708062, 37.482402491125278 ], [ 127.03460548419886, 37.482257962177279 ], [ 127.03435661661453, 37.482130232151249 ], [ 127.03409472613535, 37.482020272870784 ], [ 127.03382180829529, 37.481928920474914 ], [ 127.03353993749919, 37.481856871717746 ], [ 127.03325126031012, 37.481804673128174 ], [ 127.03295797395586, 37.481772722730071 ], [ 127.03266230827992, 37.481761263662854 ], [ 127.0323665155765, 37.481770383241049 ], [ 127.03207284459168, 37.481800011950561 ], [ 127.03178353260954, 37.481849924318396 ], [ 127.0315007783108, 37.48191973970566 ], [ 127.03122673608654, 37.482008928593132 ], [ 127.03096348891225, 37.482116810669012 ], [ 127.03071304263183, 37.482242565620027 ], [ 127.03047730105747, 37.482385236635082 ], [ 127.03025805914238, 37.482543737585829 ], [ 127.0300569859557, 37.482716862870554 ], [ 127.02987561106578, 37.482903294567237 ], [ 127.02971531542342, 37.483101613210096 ], [ 127.02957731883342, 37.483310311256609 ], [ 127.02946267086837, 37.483527798456201 ], [ 127.02937224508413, 37.483752421654195 ], [ 127.02930673106194, 37.483982470165621 ], [ 127.02926662524513, 37.484216192862519 ], [ 127.02925223423348, 37.484451812607183 ], [ 127.02926366793712, 37.484687534336203 ], [ 127.02930083943725, 37.484921565790756 ], [ 127.02936346493736, 37.485152123826275 ], [ 127.02945107040505, 37.485377456072406 ], [ 127.02956298814205, 37.485595845427618 ], [ 127.02969836568961, 37.48580563172942 ], [ 127.02985617371118, 37.48600521629502 ], [ 127.03003521151828, 37.486193081776229 ], [ 127.0302341160811, 37.486367797606739 ], [ 127.03045137438353, 37.486528033575198 ], [ 127.03068533240322, 37.486672570680845 ], [ 127.0309342086403, 37.486800308401854 ], [ 127.03119611102424, 37.486910274680866 ], [ 127.03146904365919, 37.487001633166166 ], [ 127.03175093168531, 37.487073687820008 ], [ 127.03203962690151, 37.487125889253129 ], [ 127.0323329348745, 37.487157842045278 ], [ 127.03262862061959, 37.487169302065155 ], [ 127.03292443572265, 37.487160181987036 ], [ 127.03321812626712, 37.487130551322466 ], [ 127.03350745885892, 37.487080636522947 ], [ 127.03379023084896, 37.487010815611306 ], [ 127.03406428842293, 37.486921620955762 ], [ 127.0343275481447, 37.486813732141989 ], [ 127.03457800378895, 37.486687969688063 ], [ 127.03481375125914, 37.486545290632996 ], [ 127.03503299542287, 37.486386781349417 ], [ 127.03523406714257, 37.486213647692274 ], [ 127.03541543689455, 37.486027207837935 ], [ 127.03557572388416, 37.48582888150009 ], [ 127.03571370856942, 37.485620176455051 ], [ 127.03582834173962, 37.485402683166001 ], [ 127.03591875028819, 37.485178054972685 ], [ 127.03598424515215, 37.484948003613248 ], [ 127.03602433048695, 37.484714277625436 ], [ 127.03603870029276, 37.484478657824965 ] ] ] }"
군포시,산본동,2015,스쿨존내어린이사고다발지,6138865,2016040,4141010400,41410001,경기도 군포시1,경기도 군포시 산본동(산본초교입구사거리 부근),2,3,0,0,3,0,37.367704833612,126.93321723329,"{ ""type"": ""Polygon"", ""coordinates"": [ [ [ 127.14754984210023, 35.827709957455795 ], [ 127.14754211073389, 35.827552778792068 ], [ 127.14751758811482, 35.827396747325523 ], [ 127.14747646062297, 35.82724305011817 ], [ 127.14741904092199, 35.827092856563667 ], [ 127.14734576577713, 35.826947310266902 ], [ 127.14725719277497, 35.826807519117466 ], [ 127.14715399703906, 35.826674546264996 ], [ 127.14703696350598, 35.826549403786302 ], [ 127.14690698253129, 35.826433044559479 ], [ 127.14676504439279, 35.826326353232908 ], [ 127.14661222823524, 35.826230142587924 ], [ 127.14644969768221, 35.826145144511329 ], [ 127.14627868978192, 35.826072006357755 ], [ 127.14610050507717, 35.826011283709086 ], [ 127.14591649986555, 35.825963438549635 ], [ 127.14572807514341, 35.825928836529798 ], [ 127.1455366644628, 35.825907739718375 ], [ 127.14534372506625, 35.82590030928187 ], [ 127.14515072351824, 35.825906600934452 ], [ 127.14495913016152, 35.825926567626674 ], [ 127.14477040252656, 35.825960056791487 ], [ 127.1445859764584, 35.826006814825753 ], [ 127.1444072572755, 35.826066484358691 ], [ 127.14423560202731, 35.826138611411444 ], [ 127.14407231948481, 35.826222648100874 ], [ 127.14391865131417, 35.826317954385843 ], [ 127.14377576761791, 35.826423805265556 ], [ 127.1436447547417, 35.826539394348451 ], [ 127.14352661080612, 35.82666384285362 ], [ 127.14342223461931, 35.826796203182845 ], [ 127.14333242120735, 35.826935467922084 ], [ 127.14325785291962, 35.827080577928172 ], [ 127.14319909718415, 35.827230428632234 ], [ 127.14315660314354, 35.82738387904481 ], [ 127.14313069275047, 35.827539761646207 ], [ 127.14312156404942, 35.827696890510218 ], [ 127.1431292856051, 35.827854068499988 ], [ 127.14315379975956, 35.828010100801826 ], [ 127.14319491928686, 35.828163799423429 ], [ 127.14325233287254, 35.828313994931456 ], [ 127.14332560175652, 35.828459543655228 ], [ 127.14341416854252, 35.82859933763141 ], [ 127.14351736047641, 35.828732313630944 ], [ 127.14363439163002, 35.82885745947808 ], [ 127.14376437172011, 35.82897382219241 ], [ 127.14390631049569, 35.82908051701957 ], [ 127.14405912879275, 35.829176731071833 ], [ 127.1442216629226, 35.829261732358937 ], [ 127.14439267683557, 35.829334873431911 ], [ 127.14457086651836, 35.829395598610468 ], [ 127.14475487880991, 35.829443445843189 ], [ 127.14494331139157, 35.829478049413332 ], [ 127.14513473047252, 35.829499147205027 ], [ 127.14532767966207, 35.829506578025274 ], [ 127.14552068881051, 35.829500286138504 ], [ 127.14571229063188, 35.829480318611012 ], [ 127.14590102623139, 35.829446828031948 ], [ 127.14608545952196, 35.829400068047406 ], [ 127.1462641860728, 35.829340396090728 ], [ 127.14643584532297, 35.829268266204679 ], [ 127.1465991316675, 35.829184226368199 ], [ 127.14675280221761, 35.829088916714788 ], [ 127.14689568679846, 35.828983062347575 ], [ 127.14702669903758, 35.828867469764091 ], [ 127.14714484083369, 35.828743017851622 ], [ 127.14724921344363, 35.828610654311895 ], [ 127.14733902305719, 35.8284713866598 ], [ 127.14741358525976, 35.828326274120556 ], [ 127.14747233280816, 35.828176421339982 ], [ 127.14751481898924, 35.828022969377095 ], [ 127.14754072098198, 35.827867085795404 ], [ 127.14754984210023, 35.827709957455795 ] ] ] }"
안산시,단원구,2015,스쿨존내어린이사고다발지,6141106,2016040,4127310200,41273001,경기도 안산시 단원구1,경기도 안산시 단원구 와동(와동초교 부근),2,6,0,0,6,0,37.337717115354,126.829916887056,"{ ""type"": ""Polygon"", ""coordinates"": [ [ [ 126.92586705078487, 37.551946307068292 ], [ 126.92585964091192, 37.551789156343119 ], [ 126.92583505516808, 37.551633116376507 ], [ 126.92579348151916, 37.551479376949018 ], [ 126.9257352360071, 37.551329107726126 ], [ 126.92566076393352, 37.551183451053852 ], [ 126.92557062970225, 37.551043517403549 ], [ 126.92546552033714, 37.550910369165791 ], [ 126.92534623527715, 37.550785022404867 ], [ 126.9252136842487, 37.550668428822831 ], [ 126.92506887366613, 37.550561477497617 ], [ 126.92491290787389, 37.550464980469108 ], [ 126.92474697215911, 37.550379673559448 ], [ 126.92457232943255, 37.550306206443494 ], [ 126.92439030895819, 37.550245136286179 ], [ 126.92420229729227, 37.550196928600833 ], [ 126.92400972361789, 37.550161950869622 ], [ 126.92381405411579, 37.550140468911493 ], [ 126.92361677725142, 37.550132646811271 ], [ 126.92341939475725, 37.550138542369304 ], [ 126.92322340914255, 37.550158112448756 ], [ 126.92303031128671, 37.550191207506892 ], [ 126.92284157022006, 37.550237576051479 ], [ 126.92265862407123, 37.550296864595886 ], [ 126.922482863062, 37.550368621180539 ], [ 126.92231562606554, 37.550452301664286 ], [ 126.92215818476694, 37.550547268744459 ], [ 126.92201173908832, 37.550652798242282 ], [ 126.9218774012646, 37.550768088938348 ], [ 126.92175619585076, 37.550892261669638 ], [ 126.92164904376173, 37.55102437367136 ], [ 126.92155676115303, 37.551163416767146 ], [ 126.92148005022345, 37.551308335349553 ], [ 126.92141949583039, 37.551458024559381 ], [ 126.92137555743736, 37.551611346469301 ], [ 126.92134857020781, 37.551767134595025 ], [ 126.92133873928528, 37.551924201077306 ], [ 126.92134614079617, 37.552081352910669 ], [ 126.92137071731047, 37.552237392822299 ], [ 126.92141228225421, 37.55239113371541 ], [ 126.92147051871791, 37.552541405874429 ], [ 126.92154498505732, 37.552687064203965 ], [ 126.92163511365345, 37.552827001743815 ], [ 126.92174021881328, 37.552960152412858 ], [ 126.92185950006606, 37.553085503645285 ], [ 126.92199205119034, 37.55320210004168 ], [ 126.92213686124748, 37.553309055994582 ], [ 126.92229283043044, 37.553405555767554 ], [ 126.92245876996664, 37.55349086611519 ], [ 126.92263341796126, 37.553564337263694 ], [ 126.9228154438718, 37.553625410144846 ], [ 126.92300346433873, 37.553673619178966 ], [ 126.92319604653605, 37.553708598601752 ], [ 126.92339172516304, 37.553730081647046 ], [ 126.92358901147006, 37.553737905098309 ], [ 126.92378640345838, 37.553732008437613 ], [ 126.92398239830958, 37.55371243751182 ], [ 126.92417550487058, 37.553679340988083 ], [ 126.92436425270756, 37.553632971298953 ], [ 126.92454720686166, 37.553573680207009 ], [ 126.92472297350602, 37.55350191973281 ], [ 126.92489021471471, 37.553418235916453 ], [ 126.92504765754248, 37.553323266156362 ], [ 126.92519410540328, 37.553217732052573 ], [ 126.92532844147442, 37.553102438520412 ], [ 126.92544964577556, 37.552978261253095 ], [ 126.92555679403621, 37.552846146714714 ], [ 126.92564907137691, 37.552707099586385 ], [ 126.92572577459919, 37.552562179170401 ], [ 126.92578632246926, 37.552412486820216 ], [ 126.92583025233935, 37.552259163218714 ], [ 126.92585723043706, 37.552103374907141 ], [ 126.92586705078487, 37.551946307068292 ] ] ] }"
광명시,소하동,2015,스쿨존내어린이사고다발지,6107944,2016040,4121010400,41210001,경기도 광명시1,경기도 광명시 소하동(충현초교 부근),2,2,0,1,1,0,37.434256866562,126.885246353038,"{ ""type"": ""Polygon"", ""coordinates"": [ [ [ 126.91885006118275, 35.153011307599016 ], [ 126.91884282300722, 35.152854093870225 ], [ 126.91881892953496, 35.15269799681024 ], [ 126.91877856235102, 35.152544203925537 ], [ 126.91872202831169, 35.152393886184655 ], [ 126.9186497585204, 35.15224818719355 ], [ 126.91856230289294, 35.152108215054902 ], [ 126.91846032689983, 35.151975036943341 ], [ 126.91834460618412, 35.151849663751733 ], [ 126.91821602215515, 35.151733051874849 ], [ 126.91807555331417, 35.151626087840128 ], [ 126.91792426868601, 35.151529585572462 ], [ 126.91776331908139, 35.151444280041808 ], [ 126.91759392946446, 35.151370820014286 ], [ 126.91741739019702, 35.151309764404729 ], [ 126.91723504389878, 35.151261577706101 ], [ 126.91704827778408, 35.151226627248718 ], [ 126.91685851381663, 35.151205178645199 ], [ 126.91666719664288, 35.151197394831385 ], [ 126.91647578042154, 35.151203336003405 ], [ 126.91628572336366, 35.151222955984657 ], [ 126.91609847124316, 35.151256105753241 ], [ 126.91591544971534, 35.151302533404539 ], [ 126.91573805113984, 35.151361884988852 ], [ 126.91556762467091, 35.151433708971368 ], [ 126.91540546965365, 35.151517458904358 ], [ 126.91525281693076, 35.151612497844425 ], [ 126.91511083101398, 35.151718101968463 ], [ 126.91498059137017, 35.151833467695553 ], [ 126.91486308908316, 35.151957717981304 ], [ 126.91475921914913, 35.152089904984372 ], [ 126.91466977158333, 35.152229025351005 ], [ 126.91459542704004, 35.152374018389096 ], [ 126.91453675121164, 35.152523781368984 ], [ 126.91449419149369, 35.152677174916406 ], [ 126.91446807143467, 35.152833031100243 ], [ 126.91445858955727, 35.152990164246496 ], [ 126.91446581930978, 35.153147377249738 ], [ 126.91448970457391, 35.153303475076719 ], [ 126.91453006402054, 35.153457269296005 ], [ 126.91458659102841, 35.153607588898502 ], [ 126.91465885470782, 35.153753290221673 ], [ 126.91474630532858, 35.153893265092016 ], [ 126.91484827756589, 35.154026447153512 ], [ 126.91496399591001, 35.154151822715733 ], [ 126.91509257900448, 35.154268437989451 ], [ 126.91523304838287, 35.154375405442352 ], [ 126.91538433610195, 35.15447191105099 ], [ 126.91554528799676, 35.154557219728169 ], [ 126.91571468229391, 35.154630682627882 ], [ 126.91589122738493, 35.154691741644385 ], [ 126.91607358049244, 35.154739929503592 ], [ 126.91626035417602, 35.154774881517561 ], [ 126.91645012624841, 35.154796331124679 ], [ 126.91664145291477, 35.154804115363902 ], [ 126.91683287646772, 35.154798174010494 ], [ 126.91702294173372, 35.15477855326224 ], [ 126.91721020159157, 35.154745402159072 ], [ 126.91739323014437, 35.154698973547838 ], [ 126.91757063483823, 35.154639618729782 ], [ 126.91774106631387, 35.154567792015577 ], [ 126.9179032261783, 35.154484039039595 ], [ 126.91805588018137, 35.154388996821943 ], [ 126.91819786703267, 35.154283389301071 ], [ 126.91832810613907, 35.154168020155808 ], [ 126.91844560642659, 35.154043767436036 ], [ 126.918549472979, 35.153911576379514 ], [ 126.91863891586459, 35.153772453140689 ], [ 126.91871325457782, 35.153627457597331 ], [ 126.91877192360343, 35.153477692555178 ], [ 126.9188144757525, 35.153324297451178 ], [ 126.91884058770657, 35.153168440263741 ], [ 126.91885006118275, 35.153011307599016 ] ] ] }"
안산시,단원구,2015,스쿨존내어린이사고다발지,6138864,2016040,4127310900,41273002,경기도 안산시 단원구2,경기도 안산시 단원구 선부동(선일초교 부근),2,2,0,0,2,0,37.339829620142,126.800183438616,"{ ""type"": ""Polygon"", ""coordinates"": [ [ [ 129.06975714003156, 35.163212759358665 ], [ 129.06974007991678, 35.162977240518181 ], [ 129.06969808865682, 35.162743838064969 ], [ 129.06963148608969, 35.162514330298833 ], [ 129.06954078024015, 35.162290462412464 ], [ 129.06942665945573, 35.162073937578732 ], [ 129.06928999437054, 35.161866405206609 ], [ 129.06913182439908, 35.161669443988174 ], [ 129.06895335315104, 35.161484552043113 ], [ 129.06875593947419, 35.16131313802196 ], [ 129.06854108616466, 35.161156505026625 ], [ 129.06831042669185, 35.161015845376127 ], [ 129.06806571840596, 35.160892229878499 ], [ 129.06780882261043, 35.160786599076012 ], [ 129.06754169345163, 35.160699756179113 ], [ 129.06726636578088, 35.16063236361969 ], [ 129.06698493409829, 35.160584932506545 ], [ 129.06669953832591, 35.160557824614493 ], [ 129.06641235271775, 35.160551246217764 ], [ 129.06612556170347, 35.160565247501516 ], [ 129.06584134670808, 35.160599721830899 ], [ 129.06556187300578, 35.160654406821983 ], [ 129.06528926559793, 35.160728885554292 ], [ 129.06502559836494, 35.160822593020647 ], [ 129.06477287976929, 35.160934814506618 ], [ 129.06453303221357, 35.161064696674003 ], [ 129.06430788004008, 35.161211251319529 ], [ 129.06409913869589, 35.161373362724532 ], [ 129.06390839514987, 35.161549796920568 ], [ 129.06373710151439, 35.161739212587896 ], [ 129.06358656197617, 35.161940166630401 ], [ 129.06345792212795, 35.162151130539243 ], [ 129.06335216035629, 35.162370499517039 ], [ 129.06327008363544, 35.162596602447273 ], [ 129.06321231467763, 35.162827719188506 ], [ 129.06317929434539, 35.163062092262273 ], [ 129.06317127413305, 35.163297935965062 ], [ 129.06318831544056, 35.163533456212349 ], [ 129.06323028867453, 35.163766861369318 ], [ 129.06329687454479, 35.163996373054026 ], [ 129.06338756553382, 35.164220245954695 ], [ 129.06350167374558, 35.164436776746157 ], [ 129.06363832892805, 35.164644315838352 ], [ 129.06379649196759, 35.164841284335068 ], [ 129.06397495946513, 35.165026183895428 ], [ 129.0641723726869, 35.165197605637523 ], [ 129.06438722885048, 35.165354246224844 ], [ 129.0646178943999, 35.165494913107743 ], [ 129.06486261180027, 35.165618535258382 ], [ 129.06511951947112, 35.165724171932325 ], [ 129.06538666290538, 35.165811019740794 ], [ 129.06566200681794, 35.165878416102601 ], [ 129.06594345621511, 35.165925849793396 ], [ 129.06622887063676, 35.165952958960141 ], [ 129.06651607526211, 35.165959537289794 ], [ 129.06680288508363, 35.165945534599253 ], [ 129.06708711810504, 35.165911057566099 ], [ 129.06736660850419, 35.165856368656478 ], [ 129.06763923077256, 35.165781884909848 ], [ 129.0679029105782, 35.165688171485762 ], [ 129.06815563907659, 35.165575943279741 ], [ 129.06839549356422, 35.165446053834081 ], [ 129.0686206494882, 35.165299491573222 ], [ 129.06882939128749, 35.165137372447298 ], [ 129.06902013197944, 35.164960930659255 ], [ 129.0691914195383, 35.164771507759561 ], [ 129.06934194996211, 35.164570547064038 ], [ 129.06947057793496, 35.164359577283719 ], [ 129.06957632543114, 35.164140203394361 ], [ 129.0696583859102, 35.163914096661763 ], [ 129.06971613715342, 35.16368297734283 ], [ 129.06974913883639, 35.163448602994393 ], [ 129.06975714003156, 35.163212759358665 ] ] ] }"
평택시,서정동,2015,스쿨존내어린이사고다발지,6138247,2016040,4122010100,41220001,경기도 평택시1,경기도 평택시 서정동(서정리초교 부근),1,1,1,0,0,0,37.058639804684,127.057289596739,"{ ""type"": ""Polygon"", ""coordinates"": [ [ [ 129.36807907459431, 36.033397778322403 ], [ 129.36806692045067, 36.033240833118342 ], [ 129.36803797263116, 36.033085345827089 ], [ 129.36799245003951, 36.032932498418461 ], [ 129.3679307010313, 36.032783456415594 ], [ 129.3678531941525, 36.03263935281408 ], [ 129.36776052024877, 36.032501283542921 ], [ 129.36765338341749, 36.032370300395158 ], [ 129.36753260075042, 36.032247400215773 ], [ 129.3673990899587, 36.032133517884624 ], [ 129.36725386813504, 36.03202952092844 ], [ 129.36709804040444, 36.031936198881887 ], [ 129.36693279218019, 36.031854264311171 ], [ 129.36675938216845, 36.031784338501453 ], [ 129.36657912803312, 36.031726955287134 ], [ 129.36639340394538, 36.031682551175365 ], [ 129.36620362166317, 36.031651462937397 ], [ 129.36601122611822, 36.031633928579502 ], [ 129.36581768082738, 36.031630080359086 ], [ 129.36562445910621, 36.031639948527605 ], [ 129.36543303065406, 36.031663457032067 ], [ 129.36524485389802, 36.031700428141235 ], [ 129.36506136038037, 36.031750579082349 ], [ 129.36488394494714, 36.031813529404509 ], [ 129.36471396018302, 36.031888800162911 ], [ 129.36455269761794, 36.031975816914368 ], [ 129.36440138574366, 36.032073919662665 ], [ 129.36426117550843, 36.032182359477112 ], [ 129.36413313511017, 36.032300312994941 ], [ 129.36401823666284, 36.03242688172579 ], [ 129.36391735755987, 36.032561102846223 ], [ 129.36383126285011, 36.032701954881105 ], [ 129.36376060984333, 36.032848364842025 ], [ 129.36370593615914, 36.032999219229325 ], [ 129.36366765656595, 36.033153371291789 ], [ 129.36364606419323, 36.033309645514137 ], [ 129.36364132203462, 36.033466853974559 ], [ 129.3636534674672, 36.033623799880033 ], [ 129.36368240695506, 36.03377928846573 ], [ 129.36372792182641, 36.033932136821534 ], [ 129.3637896640233, 36.034081182071375 ], [ 129.36386716514366, 36.034225288445107 ], [ 129.36395983562616, 36.03436335991222 ], [ 129.36406696822471, 36.034494346439082 ], [ 129.36418775035889, 36.034617250108361 ], [ 129.36432125992977, 36.034731136002684 ], [ 129.36446648319753, 36.034835137336941 ], [ 129.36462231382077, 36.034928461784737 ], [ 129.36478756638269, 36.035010400283937 ], [ 129.36496098196088, 36.035080327852995 ], [ 129.36514124278554, 36.035137713279994 ], [ 129.36532697446091, 36.03518211908942 ], [ 129.36551676499857, 36.035213208458458 ], [ 129.36570917032526, 36.035230743329201 ], [ 129.36590272444192, 36.035234591462668 ], [ 129.36609595487411, 36.035224722592773 ], [ 129.36628739054854, 36.03520121281111 ], [ 129.36647557500359, 36.035164239853671 ], [ 129.36665907535385, 36.035114086566679 ], [ 129.36683649654552, 36.035051133472287 ], [ 129.36700648584025, 36.034975860500658 ], [ 129.36716775150742, 36.034888839486285 ], [ 129.36731906504525, 36.034790734131931 ], [ 129.36745927537066, 36.034682289870453 ], [ 129.36758731545547, 36.034564332858416 ], [ 129.3677022098795, 36.034437760842472 ], [ 129.36780308577548, 36.034303536677385 ], [ 129.36788917380932, 36.034162682900423 ], [ 129.36795982012683, 36.034016270726845 ], [ 129.36801448620207, 36.033865413740784 ], [ 129.36805275756109, 36.033711261448339 ], [ 129.36807434126149, 36.033554986695911 ], [ 129.36807907459431, 36.033397778322403 ] ] ] }"
고양시,일산서구,2015,스쿨존내어린이사고다발지,6107957,2016040,4128710100,41287001,경기도 고양시 일산서구1,경기도 고양시 일산서구 일산동(한뫼초교 부근),3,4,0,1,2,1,37.686499525234,126.767202895299,"{ ""type"": ""Polygon"", ""coordinates"": [ [ [ 126.92765360450383, 37.557974693351213 ], [ 126.92764618932686, 37.557817541054291 ], [ 126.92762159803567, 37.557661501571609 ], [ 126.92758001752006, 37.557507762871907 ], [ 126.9275217638811, 37.557357493713852 ], [ 126.92744728133655, 37.557211838233208 ], [ 126.92735713664615, 37.557071904199248 ], [ 126.92725201574684, 37.556938758492819 ], [ 126.92713271820672, 37.556813411757936 ], [ 126.92700015268083, 37.556696820183745 ], [ 126.92685532796997, 37.556589870139938 ], [ 126.92669934624134, 37.556493376342708 ], [ 126.92653339405432, 37.556408070996625 ], [ 126.92635873555479, 37.556334605565972 ], [ 126.92617669898776, 37.556273538091695 ], [ 126.9259886699068, 37.556225333159944 ], [ 126.92579607875091, 37.556190358237359 ], [ 126.92560039182526, 37.556168879121479 ], [ 126.92540309885136, 37.556161059880978 ], [ 126.92520570055214, 37.556166958288912 ], [ 126.92500969842503, 37.556186531181275 ], [ 126.92481658459852, 37.556219628999372 ], [ 126.924627829348, 37.556266000235468 ], [ 126.92444486864581, 37.556325291371415 ], [ 126.92426909507304, 37.55639705134022 ], [ 126.92410184534121, 37.556480735069556 ], [ 126.92394439350178, 37.556575703447223 ], [ 126.92379793726514, 37.556681235871935 ], [ 126.92366359122285, 37.556796528415987 ], [ 126.92354237770753, 37.55692070459515 ], [ 126.92343521998598, 37.557052817136608 ], [ 126.92334293308279, 37.557191863255362 ], [ 126.92326621926414, 37.557336782828116 ], [ 126.92320566225652, 37.557486473686545 ], [ 126.9231617238128, 37.557639796106066 ], [ 126.92313473795777, 37.55779558449423 ], [ 126.9231249098106, 37.557952652792451 ], [ 126.92313231550445, 37.5581098043899 ], [ 126.92315689755648, 37.558265844719521 ], [ 126.92319846935763, 37.558419585786808 ], [ 126.92325671508522, 37.558569856986011 ], [ 126.92333119075498, 37.558715515020594 ], [ 126.92342132982292, 37.558855451142385 ], [ 126.92352644650242, 37.558988601083634 ], [ 126.92364574138107, 37.559113950493831 ], [ 126.92377830586418, 37.559230545779066 ], [ 126.9239231311895, 37.559337499555589 ], [ 126.92407911516426, 37.559433997895098 ], [ 126.92424507118139, 37.559519305778444 ], [ 126.92441973495806, 37.559592774340835 ], [ 126.92460177809585, 37.559653844544791 ], [ 126.92478981484157, 37.559702051721281 ], [ 126.92498241452331, 37.559737028335462 ], [ 126.92517811057685, 37.559758508538359 ], [ 126.92537541300327, 37.559766328228299 ], [ 126.92557282079251, 37.559760429618557 ], [ 126.92576883215878, 37.559740855879276 ], [ 126.92596195469285, 37.559707756594868 ], [ 126.92615071785477, 37.559661383317646 ], [ 126.92633368543177, 37.559602089627781 ], [ 126.92650946463388, 37.559530326669829 ], [ 126.92667671857166, 37.55944664050827 ], [ 126.92683417308639, 37.55935166765267 ], [ 126.92698063036582, 37.559246131516907 ], [ 126.92711497579367, 37.559130835240147 ], [ 126.927236187049, 37.55900665632133 ], [ 126.92734334095428, 37.558874539440005 ], [ 126.92743562257338, 37.558735491090843 ], [ 126.92751232982128, 37.558590568788382 ], [ 126.92757287916417, 37.558440875685186 ], [ 126.927616809089, 37.558287550672794 ], [ 126.92764378581614, 37.558131761197586 ], [ 126.92765360450383, 37.557974693351213 ] ] ] }"
오산시,가수동,2014,스쿨존내어린이사고다발지,6090138,2015042,41370121,41370001,경기도 오산시1,경기도 오산시 가수동(오산초교 부근),2,2,0,0,2,0,37.14436196983,127.049208686333,"{""type"":""Polygon"",""coordinates"":[[[127.0515965,37.1462734],[127.0511935,37.1465489],[127.0507417,37.1467705],[127.0502522,37.1469328],[127.0497369,37.1470319],[127.0492087,37.1470652],[127.0486804,37.1470319],[127.0481652,37.1469328],[127.0476756,37.1467705],[127.0472238,37.1465489],[127.0468209,37.1462734],[127.0464768,37.1459508],[127.0461999,37.1455892],[127.0459972,37.1451973],[127.0458735,37.1447848],[127.0458319,37.1443619],[127.0458735,37.1439391],[127.0459973,37.1435266],[127.0462,37.1431347],[127.0464769,37.142773],[127.046821,37.1424505],[127.0472239,37.142175],[127.0476757,37.1419534],[127.0481653,37.1417911],[127.0486805,37.1416921],[127.0492087,37.1416588],[127.0497369,37.1416921],[127.0502521,37.1417911],[127.0507416,37.1419534],[127.0511934,37.142175],[127.0515963,37.1424505],[127.0519405,37.142773],[127.0522173,37.1431347],[127.0524201,37.1435266],[127.0525438,37.1439391],[127.0525854,37.1443619],[127.0525439,37.1447848],[127.0524202,37.1451973],[127.0522174,37.1455892],[127.0519406,37.1459508],[127.0515965,37.1462734]]]}"
부천시,오정구,2014,스쿨존내어린이사고다발지,6090172,2015042,41199104,41199001,경기도 부천시 오정구1,경기도 부천시 오정구 원종동(원종초교 부근),1,1,1,0,0,0,37.518552094505,126.807153362539,"{""type"":""Polygon"",""coordinates"":[[[126.809553,37.5204634],[126.8091481,37.5207389],[126.808694,37.5209605],[126.8082021,37.5211228],[126.8076842,37.5212218],[126.8071534,37.5212551],[126.8066225,37.5212218],[126.8061047,37.5211228],[126.8056127,37.5209605],[126.8051586,37.5207389],[126.8047537,37.5204634],[126.8044079,37.5201409],[126.8041297,37.5197792],[126.8039259,37.5193873],[126.8038016,37.5189749],[126.8037598,37.518552],[126.8038016,37.5181292],[126.803926,37.5177168],[126.8041298,37.5173249],[126.804408,37.5169633],[126.8047538,37.5166408],[126.8051588,37.5163653],[126.8056128,37.5161437],[126.8061047,37.5159814],[126.8066225,37.5158824],[126.8071534,37.5158491],[126.8076842,37.5158824],[126.808202,37.5159814],[126.8086939,37.5161437],[126.809148,37.5163653],[126.8095529,37.5166408],[126.8098987,37.5169633],[126.810177,37.5173249],[126.8103808,37.5177168],[126.8105051,37.5181292],[126.8105469,37.518552],[126.8105051,37.5189749],[126.8103808,37.5193873],[126.8101771,37.5197792],[126.8098988,37.5201409],[126.809553,37.5204634]]]}"
수원시,권선구,2014,스쿨존내어린이사고다발지,6090135,2015042,41113128,41113001,경기도 수원시 권선구1,경기도 수원시 권선구 고색동(호매실초교 부근),2,2,0,1,1,0,37.267825989579,126.956957304637,"{""type"":""Polygon"",""coordinates"":[[[126.959349,37.2697374],[126.9589454,37.2700128],[126.9584929,37.2702345],[126.9580025,37.2703968],[126.9574864,37.2704958],[126.9569573,37.2705291],[126.9564282,37.2704958],[126.9559121,37.2703968],[126.9554217,37.2702345],[126.9549692,37.2700128],[126.9545656,37.2697374],[126.954221,37.2694148],[126.9539437,37.2690531],[126.9537406,37.2686613],[126.9536167,37.2682488],[126.9535751,37.2678259],[126.9536167,37.2674031],[126.9537406,37.2669906],[126.9539438,37.2665988],[126.9542211,37.2662371],[126.9545658,37.2659146],[126.9549693,37.2656391],[126.9554218,37.2654175],[126.9559122,37.2652552],[126.9564282,37.2651561],[126.9569573,37.2651229],[126.9574864,37.2651561],[126.9580024,37.2652552],[126.9584928,37.2654175],[126.9589453,37.2656391],[126.9593489,37.2659146],[126.9596935,37.2662371],[126.9599709,37.2665988],[126.960174,37.2669906],[126.9602979,37.2674031],[126.9603395,37.2678259],[126.9602979,37.2682488],[126.960174,37.2686613],[126.959971,37.2690531],[126.9596937,37.2694148],[126.959349,37.2697374]]]}"
안산시,단원구,2014,스쿨존내어린이사고다발지,6090136,2015042,41273109,41273001,경기도 안산시 단원구1,경기도 안산시 단원구 선부동(안산화정초교 부근),3,3,0,3,0,0,37.344889266228,126.815456461248,"{""type"":""Polygon"",""coordinates"":[[[126.8178506,37.3468006],[126.8174466,37.3470761],[126.8169936,37.3472977],[126.8165027,37.3474601],[126.8159861,37.3475591],[126.8154565,37.3475924],[126.8149268,37.3475591],[126.8144102,37.3474601],[126.8139193,37.3472977],[126.8134663,37.3470761],[126.8130624,37.3468006],[126.8127173,37.3464781],[126.8124397,37.3461164],[126.8122364,37.3457245],[126.8121124,37.3453121],[126.8120708,37.3448892],[126.8121125,37.3444664],[126.8122365,37.3440539],[126.8124398,37.3436621],[126.8127174,37.3433004],[126.8130625,37.3429779],[126.8134665,37.3427024],[126.8139194,37.3424808],[126.8144103,37.3423185],[126.8149268,37.3422195],[126.8154565,37.3421862],[126.8159861,37.3422195],[126.8165027,37.3423185],[126.8169935,37.3424808],[126.8174465,37.3427024],[126.8178505,37.3429779],[126.8181955,37.3433004],[126.8184731,37.3436621],[126.8186764,37.3440539],[126.8188005,37.3444664],[126.8188422,37.3448892],[126.8188005,37.3453121],[126.8186765,37.3457245],[126.8184732,37.3461164],[126.8181956,37.3464781],[126.8178506,37.3468006]]]}"
안양시,동안구,2014,스쿨존내어린이사고다발지,6090137,2015042,41173103,41173001,경기도 안양시 동안구1,경기도 안양시 동안구 평촌동(벌말초교 부근),2,2,0,2,0,0,37.393562223819,126.979561294819,"{""type"":""Polygon"",""coordinates"":[[[126.981957,37.3954736],[126.9815527,37.395749],[126.9810994,37.3959707],[126.9806082,37.396133],[126.9800913,37.396232],[126.9795613,37.3962653],[126.9790313,37.396232],[126.9785143,37.396133],[126.9780232,37.3959707],[126.9775699,37.395749],[126.9771656,37.3954736],[126.9768204,37.395151],[126.9765426,37.3947894],[126.9763392,37.3943975],[126.9762151,37.393985],[126.9761734,37.3935622],[126.9762151,37.3931393],[126.9763393,37.3927269],[126.9765427,37.392335],[126.9768205,37.3919734],[126.9771658,37.3916508],[126.97757,37.3913754],[126.9780233,37.3911538],[126.9785144,37.3909914],[126.9790313,37.3908924],[126.9795613,37.3908592],[126.9800913,37.3908924],[126.9806082,37.3909914],[126.9810993,37.3911538],[126.9815526,37.3913754],[126.9819568,37.3916508],[126.9823021,37.3919734],[126.9825799,37.392335],[126.9827833,37.3927269],[126.9829075,37.3931393],[126.9829492,37.3935622],[126.9829075,37.393985],[126.9827834,37.3943975],[126.98258,37.3947894],[126.9823022,37.395151],[126.981957,37.3954736]]]}"
평택시,이충동,2014,스쿨존내어린이사고다발지,6090139,2015042,41220109,41220001,경기도 평택시1,경기도 평택시 이충동(반지초교 부근),2,2,0,2,0,0,37.058406075381,127.070028391898,"{""type"":""Polygon"",""coordinates"":[[[127.0724135,37.0603175],[127.072011,37.060593],[127.0715597,37.0608147],[127.0710707,37.060977],[127.0705561,37.061076],[127.0700284,37.0611093],[127.0695007,37.061076],[127.0689861,37.060977],[127.0684971,37.0608147],[127.0680458,37.060593],[127.0676433,37.0603175],[127.0672996,37.059995],[127.067023,37.0596333],[127.0668205,37.0592414],[127.066697,37.0588289],[127.0666555,37.058406],[127.066697,37.0579832],[127.0668206,37.0575707],[127.0670231,37.0571788],[127.0672997,37.0568171],[127.0676434,37.0564946],[127.0680459,37.0562191],[127.0684972,37.0559975],[127.0689861,37.0558352],[127.0695008,37.0557361],[127.0700284,37.0557029],[127.070556,37.0557361],[127.0710706,37.0558352],[127.0715596,37.0559975],[127.0720109,37.0562191],[127.0724134,37.0564946],[127.0727571,37.0568171],[127.0730336,37.0571788],[127.0732362,37.0575707],[127.0733598,37.0579832],[127.0734013,37.058406],[127.0733598,37.0588289],[127.0732363,37.0592414],[127.0730337,37.0596333],[127.0727572,37.059995],[127.0724135,37.0603175]]]}"
화성시,능동,2014,스쿨존내어린이사고다발지,6090173,2015042,41590118,41590001,경기도 화성시1,경기도 화성시 능동(푸른초교 부근),1,1,1,0,0,0,37.201517165686,127.055977245754,"{""type"":""Polygon"",""coordinates"":[[[127.0583668,37.2034286],[127.0579636,37.203704],[127.0575115,37.2039257],[127.0570215,37.204088],[127.0565059,37.204187],[127.0559772,37.2042203],[127.0554486,37.204187],[127.054933,37.204088],[127.054443,37.2039257],[127.0539909,37.203704],[127.0535877,37.2034286],[127.0532433,37.203106],[127.0529662,37.2027443],[127.0527633,37.2023524],[127.0526395,37.20194],[127.052598,37.2015171],[127.0526396,37.2010943],[127.0527634,37.2006818],[127.0529663,37.2002899],[127.0532434,37.1999283],[127.0535878,37.1996057],[127.053991,37.1993303],[127.0544431,37.1991086],[127.054933,37.1989463],[127.0554486,37.1988473],[127.0559772,37.198814],[127.0565059,37.1988473],[127.0570215,37.1989463],[127.0575114,37.1991086],[127.0579635,37.1993303],[127.0583667,37.1996057],[127.0587111,37.1999283],[127.0589882,37.2002899],[127.0591911,37.2006818],[127.0593149,37.2010943],[127.0593565,37.2015171],[127.0593149,37.20194],[127.0591912,37.2023524],[127.0589883,37.2027443],[127.0587112,37.203106],[127.0583668,37.2034286]]]}"
부천시,소사구,2013,스쿨존내어린이사고다발지,181774,2014095,4119710200,41197001,경기도 부천시 소사구1,경기도 부천시 소사구 심곡본동(부천남초교 부근),2,2,0,1,1,0,37.481211367212,126.781857567474,"{""type"":""Polygon"",""coordinates"":[[[126.784256,37.4831227],[126.7838513,37.4833981],[126.7833975,37.4836198],[126.7829057,37.4837821],[126.7823882,37.4838811],[126.7818576,37.4839144],[126.7813269,37.4838811],[126.7808094,37.4837821],[126.7803177,37.4836198],[126.7798638,37.4833981],[126.7794591,37.4831227],[126.7791135,37.4828001],[126.7788354,37.4824385],[126.7786317,37.4820466],[126.7785075,37.4816342],[126.7784657,37.4812113],[126.7785075,37.4807885],[126.7786318,37.480376],[126.7788355,37.4799842],[126.7791136,37.4796225],[126.7794592,37.4793],[126.779864,37.4790246],[126.7803178,37.4788029],[126.7808095,37.4786406],[126.781327,37.4785416],[126.7818576,37.4785083],[126.7823881,37.4785416],[126.7829057,37.4786406],[126.7833974,37.4788029],[126.7838512,37.4790246],[126.7842559,37.4793],[126.7846016,37.4796225],[126.7848797,37.4799842],[126.7850834,37.480376],[126.7852076,37.4807885],[126.7852494,37.4812113],[126.7852077,37.4816342],[126.7850834,37.4820466],[126.7848798,37.4824385],[126.7846017,37.4828001],[126.784256,37.4831227]]]}"
광주시,오포읍,2013,스쿨존내어린이사고다발지,181762,2014095,4161025027,41610002,경기도 광주시2,경기도 광주시 오포읍(매곡초교 부근),2,2,0,1,1,0,37.372254903142,127.247494113164,"{""type"":""Polygon"",""coordinates"":[[[127.2498891,37.3741662],[127.249485,37.3744417],[127.2490318,37.3746634],[127.2485408,37.3748257],[127.248024,37.3749247],[127.2474941,37.374958],[127.2469643,37.3749247],[127.2464475,37.3748257],[127.2459564,37.3746634],[127.2455033,37.3744417],[127.2450991,37.3741662],[127.244754,37.3738437],[127.2444763,37.373482],[127.2442729,37.3730902],[127.2441489,37.3726777],[127.2441072,37.3722549],[127.2441489,37.371832],[127.244273,37.3714196],[127.2444764,37.3710277],[127.2447541,37.370666],[127.2450993,37.3703435],[127.2455034,37.3700681],[127.2459565,37.3698464],[127.2464475,37.3696841],[127.2469643,37.3695851],[127.2474941,37.3695518],[127.2480239,37.3695851],[127.2485407,37.3696841],[127.2490317,37.3698464],[127.2494848,37.3700681],[127.249889,37.3703435],[127.2502341,37.370666],[127.2505118,37.3710277],[127.2507152,37.3714196],[127.2508393,37.371832],[127.250881,37.3722549],[127.2508394,37.3726777],[127.2507153,37.3730902],[127.2505119,37.373482],[127.2502343,37.3738437],[127.2498891,37.3741662]]]}"
안산시,단원구,2013,스쿨존내어린이사고다발지,182723,2014095,4127310900,41273001,경기도 안산시 단원구1,경기도 안산시 단원구 선부동(안산화정초교 부근),2,2,0,0,2,0,37.345074554448,126.815376329855,"{""type"":""Polygon"",""coordinates"":[[[126.8177704,37.3469859],[126.8173665,37.3472614],[126.8169135,37.347483],[126.8164226,37.3476453],[126.815906,37.3477444],[126.8153763,37.3477776],[126.8148467,37.3477444],[126.8143301,37.3476453],[126.8138392,37.347483],[126.8133862,37.3472614],[126.8129822,37.3469859],[126.8126372,37.3466634],[126.8123596,37.3463017],[126.8121563,37.3459098],[126.8120323,37.3454974],[126.8119906,37.3450745],[126.8120323,37.3446517],[126.8121564,37.3442392],[126.8123597,37.3438473],[126.8126373,37.3434857],[126.8129823,37.3431632],[126.8133863,37.3428877],[126.8138393,37.3426661],[126.8143301,37.3425038],[126.8148467,37.3424047],[126.8153763,37.3423715],[126.815906,37.3424047],[126.8164225,37.3425038],[126.8169134,37.3426661],[126.8173663,37.3428877],[126.8177703,37.3431632],[126.8181154,37.3434857],[126.818393,37.3438473],[126.8185963,37.3442392],[126.8187203,37.3446517],[126.818762,37.3450745],[126.8187204,37.3454974],[126.8185964,37.3459098],[126.8183931,37.3463017],[126.8181155,37.3466634],[126.8177704,37.3469859]]]}"
광주시,퇴촌면,2013,스쿨존내어린이사고다발지,181778,2014095,4161034025,41610001,경기도 광주시1,경기도 광주시 퇴촌면(도수초교 부근),2,2,0,2,0,0,37.471515629644,127.316531044873,"{""type"":""Polygon"",""coordinates"":[[[127.3189292,37.4734269],[127.3185245,37.4737024],[127.3180708,37.473924],[127.3175791,37.4740864],[127.3170616,37.4741854],[127.316531,37.4742187],[127.3160005,37.4741854],[127.315483,37.4740864],[127.3149913,37.473924],[127.3145376,37.4737024],[127.3141329,37.4734269],[127.3137873,37.4731044],[127.3135092,37.4727427],[127.3133056,37.4723509],[127.3131814,37.4719384],[127.3131396,37.4715156],[127.3131814,37.4710927],[127.3133057,37.4706803],[127.3135093,37.4702884],[127.3137874,37.4699268],[127.314133,37.4696043],[127.3145377,37.4693288],[127.3149914,37.4691072],[127.3154831,37.4689449],[127.3160005,37.4688459],[127.316531,37.4688126],[127.3170616,37.4688459],[127.317579,37.4689449],[127.3180707,37.4691072],[127.3185244,37.4693288],[127.3189291,37.4696043],[127.3192747,37.4699268],[127.3195528,37.4702884],[127.3197564,37.4706803],[127.3198807,37.4710927],[127.3199224,37.4715156],[127.3198807,37.4719384],[127.3197565,37.4723509],[127.3195529,37.4727427],[127.3192748,37.4731044],[127.3189292,37.4734269]]]}"
포천시,소흘읍,2013,스쿨존내어린이사고다발지,181770,2014095,4165025000,41650001,경기도 포천시1,경기도 포천시 소흘읍(태봉초교 부근),2,3,0,0,3,0,37.833794445158,127.144310353241,"{""type"":""Polygon"",""coordinates"":[[[127.1467202,37.8357056],[127.1463135,37.8359811],[127.1458576,37.8362027],[127.1453635,37.836365],[127.1448435,37.836464],[127.1443104,37.8364973],[127.1437772,37.836464],[127.1432572,37.836365],[127.1427631,37.8362027],[127.1423072,37.8359811],[127.1419005,37.8357056],[127.1415532,37.8353831],[127.1412738,37.8350215],[127.1410692,37.8346296],[127.1409444,37.8342172],[127.1409024,37.8337944],[127.1409444,37.8333716],[127.1410693,37.8329592],[127.1412739,37.8325673],[127.1415533,37.8322057],[127.1419007,37.8318832],[127.1423073,37.8316078],[127.1427632,37.8313862],[127.1432573,37.8312239],[127.1437773,37.8311249],[127.1443104,37.8310916],[127.1448434,37.8311249],[127.1453634,37.8312239],[127.1458575,37.8313862],[127.1463134,37.8316078],[127.1467201,37.8318832],[127.1470674,37.8322057],[127.1473468,37.8325673],[127.1475514,37.8329592],[127.1476763,37.8333716],[127.1477183,37.8337944],[127.1476763,37.8342172],[127.1475515,37.8346296],[127.1473469,37.8350215],[127.1470675,37.8353831],[127.1467202,37.8357056]]]}"
남양주시,가운동,2012,스쿨존내어린이사고다발지,99533,2013060,4136010700,41360001,경기도 남양주시1,경기도 남양주시 가운동(가운초교 부근),2,2,0,0,2,0,37.600652987446,127.156887845998,"{""type"":""Polygon"",""coordinates"":[[[127.1592901,37.6025643],[127.1588848,37.6028397],[127.1584302,37.6030613],[127.1579377,37.6032237],[127.1574193,37.6033227],[127.1568878,37.603356],[127.1563564,37.6033227],[127.155838,37.6032237],[127.1553455,37.6030613],[127.1548909,37.6028397],[127.1544856,37.6025643],[127.1541394,37.6022417],[127.1538608,37.6018801],[127.1536568,37.6014882],[127.1535324,37.6010758],[127.1534906,37.6006529],[127.1535324,37.6002301],[127.1536569,37.5998177],[127.1538609,37.5994258],[127.1541395,37.5990642],[127.1544857,37.5987417],[127.154891,37.5984662],[127.1553456,37.5982446],[127.1558381,37.5980823],[127.1563564,37.5979833],[127.1568878,37.59795],[127.1574193,37.5979833],[127.1579376,37.5980823],[127.1584301,37.5982446],[127.1588846,37.5984662],[127.15929,37.5987417],[127.1596362,37.5990642],[127.1599148,37.5994258],[127.1601188,37.5998177],[127.1602433,37.6002301],[127.1602851,37.6006529],[127.1602433,37.6010758],[127.1601189,37.6014882],[127.1599149,37.6018801],[127.1596363,37.6022417],[127.1592901,37.6025643]]]}"
평택시,장당동,2012,스쿨존내어린이사고다발지,99530,2013060,4122010200,41220001,경기도 평택시1,경기도 평택시 장당동(장당초교 부근),2,2,0,1,1,0,37.050395508147,127.057356631305,"{""type"":""Polygon"",""coordinates"":[[[127.0597415,37.052307],[127.059339,37.0525824],[127.0588878,37.0528041],[127.0583988,37.0529664],[127.0578842,37.0530654],[127.0573566,37.0530987],[127.056829,37.0530654],[127.0563144,37.0529664],[127.0558255,37.0528041],[127.0553742,37.0525824],[127.0549718,37.052307],[127.0546281,37.0519844],[127.0543516,37.0516227],[127.0541491,37.0512308],[127.0540256,37.0508183],[127.0539841,37.0503955],[127.0540256,37.0499726],[127.0541492,37.0495601],[127.0543517,37.0491682],[127.0546282,37.0488066],[127.0549719,37.048484],[127.0553743,37.0482085],[127.0558256,37.0479869],[127.0563145,37.0478246],[127.0568291,37.0477256],[127.0573566,37.0476923],[127.0578842,37.0477256],[127.0583988,37.0478246],[127.0588877,37.0479869],[127.0593389,37.0482085],[127.0597413,37.048484],[127.060085,37.0488066],[127.0603616,37.0491682],[127.0605641,37.0495601],[127.0606877,37.0499726],[127.0607292,37.0503955],[127.0606877,37.0508183],[127.0605642,37.0512308],[127.0603617,37.0516227],[127.0600852,37.0519844],[127.0597415,37.052307]]]}"
부천시,원미구,2012,스쿨존내어린이사고다발지,99529,2013060,4119510900,41195001,경기도 부천시 원미구1,경기도 부천시 원미구 상동(송내초교 부근),2,2,0,1,1,0,37.490115001707,126.76012162991,"{""type"":""Polygon"",""coordinates"":[[[126.7625204,37.4920263],[126.7621156,37.4923018],[126.7616617,37.4925234],[126.7611699,37.4926857],[126.7606523,37.4927847],[126.7601216,37.492818],[126.7595909,37.4927847],[126.7590733,37.4926857],[126.7585815,37.4925234],[126.7581277,37.4923018],[126.7577229,37.4920263],[126.7573772,37.4917038],[126.7570991,37.4913421],[126.7568954,37.4909502],[126.7567711,37.4905378],[126.7567294,37.490115],[126.7567712,37.4896921],[126.7568955,37.4892797],[126.7570992,37.4888878],[126.7573773,37.4885262],[126.757723,37.4882037],[126.7581278,37.4879282],[126.7585816,37.4877066],[126.7590734,37.4875443],[126.759591,37.4874453],[126.7601216,37.487412],[126.7606523,37.4874453],[126.7611699,37.4875443],[126.7616616,37.4877066],[126.7621155,37.4879282],[126.7625202,37.4882037],[126.762866,37.4885262],[126.7631441,37.4888878],[126.7633478,37.4892797],[126.7634721,37.4896921],[126.7635139,37.490115],[126.7634721,37.4905378],[126.7633479,37.4909502],[126.7631442,37.4913421],[126.7628661,37.4917038],[126.7625204,37.4920263]]]}"
수원시,영통구,2012,스쿨존내어린이사고다발지,99527,2013060,4111710100,41117001,경기도 수원시 영통구1,경기도 수원시 영통구 매탄동(매탄초교 효동초교 부근),2,2,0,1,1,0,37.262664037516,127.044647487692,"{""type"":""Polygon"",""coordinates"":[[[127.047039,37.2645754],[127.0466354,37.2648509],[127.0461829,37.2650725],[127.0456926,37.2652349],[127.0451766,37.2653339],[127.0446475,37.2653672],[127.0441184,37.2653339],[127.0436024,37.2652349],[127.043112,37.2650725],[127.0426595,37.2648509],[127.042256,37.2645754],[127.0419113,37.2642529],[127.041634,37.2638912],[127.041431,37.2634993],[127.0413071,37.2630869],[127.0412655,37.262664],[127.0413071,37.2622411],[127.041431,37.2618287],[127.0416341,37.2614368],[127.0419114,37.2610751],[127.0422561,37.2607526],[127.0426596,37.2604771],[127.0431121,37.2602555],[127.0436024,37.2600932],[127.0441184,37.2599942],[127.0446475,37.2599609],[127.0451765,37.2599942],[127.0456926,37.2600932],[127.0461828,37.2602555],[127.0466353,37.2604771],[127.0470389,37.2607526],[127.0473835,37.2610751],[127.0476608,37.2614368],[127.0478639,37.2618287],[127.0479878,37.2622411],[127.0480295,37.262664],[127.0479879,37.2630869],[127.047864,37.2634993],[127.0476609,37.2638912],[127.0473837,37.2642529],[127.047039,37.2645754]]]}"
의정부시,장암동,2012,스쿨존내어린이사고다발지,99528,2013060,4115010300,41150001,경기도 의정부시1,경기도 의정부시 장암동(동암초교 부근),2,2,0,1,1,0,37.723345117284,127.053496816626,"{""type"":""Polygon"",""coordinates"":[[[127.0559031,37.7252563],[127.055497,37.7255318],[127.0550417,37.7257534],[127.0545484,37.7259157],[127.0540292,37.7260148],[127.0534968,37.726048],[127.0529645,37.7260148],[127.0524452,37.7259157],[127.0519519,37.7257534],[127.0514966,37.7255318],[127.0510906,37.7252563],[127.0507438,37.7249338],[127.0504648,37.7245722],[127.0502605,37.7241803],[127.0501358,37.7237679],[127.050094,37.7233451],[127.0501359,37.7229222],[127.0502606,37.7225098],[127.0504649,37.722118],[127.0507439,37.7217564],[127.0510907,37.7214338],[127.0514967,37.7211584],[127.051952,37.7209368],[127.0524453,37.7207745],[127.0529645,37.7206755],[127.0534968,37.7206422],[127.0540291,37.7206755],[127.0545483,37.7207745],[127.0550416,37.7209368],[127.0554969,37.7211584],[127.0559029,37.7214338],[127.0562497,37.7217564],[127.0565287,37.722118],[127.0567331,37.7225098],[127.0568578,37.7229222],[127.0568997,37.7233451],[127.0568578,37.7237679],[127.0567332,37.7241803],[127.0565288,37.7245722],[127.0562498,37.7249338],[127.0559031,37.7252563]]]}"
안산시,단원구,2012,스쿨존내어린이사고다발지,99532,2013060,4127310900,41273002,경기도 안산시 단원구2,경기도 안산시 단원구 선부동(안산화정초교 부근),3,3,0,2,1,0,37.345343501203,126.816461118187,"{""type"":""Polygon"",""coordinates"":[[[126.8188552,37.3472548],[126.8184513,37.3475303],[126.8179983,37.347752],[126.8175074,37.3479143],[126.8169908,37.3480133],[126.8164611,37.3480466],[126.8159315,37.3480133],[126.8154148,37.3479143],[126.814924,37.347752],[126.814471,37.3475303],[126.814067,37.3472548],[126.813722,37.3469323],[126.8134444,37.3465706],[126.8132411,37.3461788],[126.8131171,37.3457663],[126.8130754,37.3453435],[126.8131171,37.3449206],[126.8132411,37.3445082],[126.8134445,37.3441163],[126.8137221,37.3437546],[126.8140671,37.3434321],[126.8144711,37.3431566],[126.8149241,37.342935],[126.8154149,37.3427727],[126.8159315,37.3426737],[126.8164611,37.3426404],[126.8169907,37.3426737],[126.8175073,37.3427727],[126.8179982,37.342935],[126.8184511,37.3431566],[126.8188551,37.3434321],[126.8192002,37.3437546],[126.8194778,37.3441163],[126.8196811,37.3445082],[126.8198051,37.3449206],[126.8198468,37.3453435],[126.8198052,37.3457663],[126.8196812,37.3461788],[126.8194779,37.3465706],[126.8192003,37.3469323],[126.8188552,37.3472548]]]}"
안산시,단원구,2012,스쿨존내어린이사고다발지,99531,2013060,4127310900,41273001,경기도 안산시 단원구1,경기도 안산시 단원구 선부동(화랑초교 부근),2,2,0,1,1,0,37.331411397419,126.81807314576,"{""type"":""Polygon"",""coordinates"":[[[126.8204668,37.3333228],[126.8200629,37.3335982],[126.81961,37.3338199],[126.8191192,37.3339822],[126.8186027,37.3340812],[126.8180731,37.3341145],[126.8175436,37.3340812],[126.8170271,37.3339822],[126.8165363,37.3338199],[126.8160834,37.3335982],[126.8156795,37.3333228],[126.8153345,37.3330002],[126.815057,37.3326385],[126.8148537,37.3322467],[126.8147297,37.3318342],[126.8146881,37.3314113],[126.8147297,37.3309885],[126.8148538,37.3305761],[126.8150571,37.3301842],[126.8153346,37.3298225],[126.8156796,37.3295],[126.8160835,37.3292245],[126.8165364,37.3290029],[126.8170271,37.3288406],[126.8175436,37.3287416],[126.8180731,37.3287083],[126.8186027,37.3287416],[126.8191192,37.3288406],[126.8196099,37.3290029],[126.8200628,37.3292245],[126.8204667,37.3295],[126.8208117,37.3298225],[126.8210892,37.3301842],[126.8212925,37.3305761],[126.8214165,37.3309885],[126.8214582,37.3314113],[126.8214166,37.3318342],[126.8212926,37.3322467],[126.8210893,37.3326385],[126.8208118,37.3330002],[126.8204668,37.3333228]]]}"

