시도,시군구,행정구역명,행정구역코드,신호등,횡단보도,과속방지턱,노인보호구역,공공 체육시설,독거노인,저소득 독거노인,CCTV,면적,전통시장,도시공원,노인 교통사고,총 노인인구수,남자 노인인구수,여자 노인인구수,총생활인구수
서울특별시,송파구,가락1동,1124066,130 ,62 ,2 ,0 ,0 ,33 ,1 ,0 ,1 ,0 ,2 ,20 ,27207 ,13225 ,13982 ,4265 
서울특별시,송파구,가락2동,1124067,119 ,63 ,91 ,0 ,0 ,537 ,26 ,0 ,1 ,0 ,8 ,20 ,33915 ,16623 ,17292 ,4950 
서울특별시,송파구,가락본동,1124065,139 ,112 ,133 ,0 ,0 ,704 ,31 ,0 ,1 ,0 ,9 ,24 ,27910 ,13846 ,14064 ,4592 
서울특별시,구로구,가리봉동,1117070,39 ,19 ,35 ,0 ,0 ,865 ,29 ,0 ,0 ,2 ,0 ,10 ,15518 ,8946 ,6572 ,1348 
서울특별시,금천구,가산동,1118051,408 ,244 ,97 ,0 ,0 ,710 ,76 ,12 ,3 ,0 ,3 ,20 ,24497 ,13739 ,10758 ,4184 
서울특별시,강서구,가양1동,1116064,157 ,90 ,0 ,1 ,6 ,534 ,32 ,0 ,5 ,0 ,9 ,31 ,34199 ,16048 ,18151 ,3944 
서울특별시,강서구,가양2동,1116065,116 ,32 ,0 ,0 ,0 ,1348 ,88 ,0 ,1 ,0 ,4 ,7 ,15301 ,7284 ,8017 ,3776 
서울특별시,강서구,가양3동,1116066,111 ,59 ,0 ,0 ,4 ,1116 ,59 ,0 ,1 ,0 ,4 ,8 ,16277 ,7652 ,8625 ,2218 
서울특별시,종로구,가회동,1101060,22 ,28 ,0 ,0 ,0 ,216 ,13 ,4 ,1 ,0 ,1 ,6 ,4487 ,2090 ,2397 ,1104 
서울특별시,은평구,갈현1동,1112055,68 ,65 ,65 ,1 ,0 ,1167 ,51 ,6 ,1 ,0 ,4 ,11 ,24768 ,12080 ,12688 ,5005 
서울특별시,은평구,갈현2동,1112056,95 ,73 ,130 ,0 ,0 ,1051 ,61 ,6 ,1 ,1 ,4 ,14 ,30235 ,14392 ,15843 ,4225 
서울특별시,강동구,강일동,1125051,208 ,171 ,20 ,0 ,1 ,627 ,91 ,3 ,3 ,0 ,8 ,13 ,32377 ,15662 ,16715 ,5242 
서울특별시,구로구,개봉1동,1117072,59 ,79 ,59 ,0 ,0 ,1376 ,74 ,0 ,1 ,0 ,3 ,13 ,34177 ,17149 ,17028 ,5156 
서울특별시,구로구,개봉2동,1117064,26 ,45 ,51 ,0 ,0 ,954 ,35 ,0 ,1 ,2 ,1 ,13 ,33428 ,16331 ,17097 ,5021 
서울특별시,구로구,개봉3동,1117065,22 ,45 ,103 ,0 ,2 ,809 ,41 ,0 ,1 ,0 ,4 ,12 ,22176 ,10857 ,11319 ,2696 
서울특별시,강남구,개포1동,1123068,74 ,34 ,0 ,0 ,0 ,331 ,12 ,0 ,1 ,0 ,0 ,13 ,7028 ,3397 ,3631 ,1777 
서울특별시,강남구,개포2동,1123080,89 ,84 ,0 ,0 ,0 ,380 ,6 ,0 ,3 ,0 ,12 ,13 ,19915 ,9617 ,10298 ,3651 
서울특별시,강남구,개포4동,1123071,74 ,71 ,0 ,0 ,3 ,412 ,16 ,0 ,1 ,0 ,1 ,13 ,18485 ,9075 ,9410 ,2313 
서울특별시,송파구,거여1동,1124053,53 ,34 ,100 ,0 ,5 ,487 ,31 ,0 ,1 ,0 ,7 ,10 ,13273 ,6768 ,6505 ,2189 
서울특별시,송파구,거여2동,1124054,56 ,32 ,11 ,0 ,0 ,956 ,49 ,0 ,1 ,0 ,6 ,6 ,17047 ,8375 ,8672 ,2539 
서울특별시,강동구,고덕1동,1125055,74 ,71 ,54 ,1 ,3 ,372 ,35 ,0 ,2 ,0 ,5 ,5 ,27334 ,13876 ,13458 ,2032 
서울특별시,강동구,고덕2동,1125056,74 ,52 ,58 ,0 ,4 ,513 ,42 ,1 ,2 ,3 ,7 ,9 ,7419 ,3944 ,3475 ,2275 
서울특별시,구로구,고척1동,1117061,126 ,102 ,86 ,0 ,5 ,835 ,28 ,0 ,1 ,2 ,1 ,10 ,24293 ,12179 ,12114 ,3733 
서울특별시,구로구,고척2동,1117062,48 ,101 ,71 ,0 ,7 ,1055 ,56 ,0 ,1 ,3 ,6 ,16 ,29019 ,14401 ,14618 ,3256 
서울특별시,마포구,공덕동,1114077,95 ,93 ,2 ,0 ,0 ,1574 ,62 ,1 ,1 ,3 ,4 ,15 ,40603 ,19306 ,21297 ,5152 
서울특별시,노원구,공릉1동,1111079,355 ,115 ,0 ,0 ,0 ,1584 ,115 ,0 ,1 ,1 ,12 ,29 ,39256 ,19197 ,20059 ,6928 
서울특별시,노원구,공릉2동,1111056,326 ,113 ,1 ,1 ,13 ,981 ,64 ,0 ,7 ,0 ,12 ,29 ,41184 ,20112 ,21072 ,6728 
서울특별시,강서구,공항동,1116069,198 ,104 ,0 ,0 ,2 ,914 ,45 ,0 ,11 ,0 ,6 ,23 ,28336 ,14533 ,13803 ,4720 
서울특별시,광진구,광장동,1105063,125 ,125 ,1 ,1 ,8 ,522 ,27 ,3 ,2 ,0 ,2 ,8 ,36180 ,17487 ,18693 ,4953 
서울특별시,중구,광희동,1102059,182 ,136 ,0 ,0 ,0 ,392 ,12 ,0 ,1 ,11 ,3 ,19 ,6221 ,3257 ,2964 ,3180 
서울특별시,종로구,교남동,1101058,32 ,36 ,0 ,0 ,1 ,1650 ,25 ,0 ,0 ,0 ,5 ,4 ,10779 ,5021 ,5758 ,1118 
서울특별시,구로구,구로1동,1117052,27 ,33 ,36 ,0 ,0 ,329 ,10 ,0 ,1 ,0 ,0 ,19 ,22120 ,10881 ,11239 ,2062 
서울특별시,구로구,구로2동,1117071,172 ,144 ,181 ,0 ,4 ,1574 ,58 ,0 ,2 ,1 ,3 ,20 ,35481 ,18595 ,16886 ,6730 
서울특별시,구로구,구로3동,1117054,254 ,151 ,61 ,0 ,0 ,760 ,55 ,0 ,1 ,0 ,2 ,20 ,26460 ,13526 ,12934 ,4455 
서울특별시,구로구,구로4동,1117055,30 ,34 ,36 ,0 ,0 ,1187 ,54 ,0 ,0 ,3 ,2 ,20 ,26504 ,13440 ,13064 ,3221 
서울특별시,구로구,구로5동,1117056,205 ,189 ,60 ,1 ,2 ,917 ,30 ,0 ,1 ,0 ,3 ,20 ,33690 ,16572 ,17118 ,4918 
서울특별시,은평구,구산동,1112057,74 ,43 ,125 ,2 ,1 ,1235 ,56 ,7 ,1 ,0 ,8 ,13 ,33843 ,16835 ,17008 ,4697 
서울특별시,광진구,구의1동,1105060,34 ,47 ,0 ,1 ,0 ,691 ,47 ,0 ,1 ,0 ,1 ,9 ,23126 ,11047 ,12079 ,3512 
서울특별시,광진구,구의2동,1105061,104 ,63 ,0 ,0 ,3 ,891 ,66 ,2 ,1 ,0 ,3 ,10 ,28032 ,13518 ,14514 ,4182 
서울특별시,광진구,구의3동,1105062,165 ,86 ,0 ,1 ,0 ,669 ,30 ,8 ,1 ,0 ,5 ,10 ,30179 ,14399 ,15780 ,4417 
서울특별시,광진구,군자동,1105054,73 ,76 ,7 ,0 ,0 ,719 ,41 ,6 ,1 ,0 ,2 ,18 ,22142 ,10877 ,11265 ,2296 
서울특별시,성동구,금호1가동,1104059,118 ,45 ,3 ,0 ,3 ,612 ,37 ,0 ,0 ,0 ,1 ,2 ,15974 ,7641 ,8333 ,2697 
서울특별시,성동구,금호2·3가동,1104072,23 ,40 ,0 ,0 ,4 ,902 ,40 ,0 ,1 ,2 ,5 ,5 ,24299 ,11593 ,12706 ,4329 
서울특별시,성동구,금호4가동,1104062,50 ,43 ,0 ,0 ,2 ,527 ,26 ,0 ,1 ,0 ,1 ,9 ,15283 ,7320 ,7963 ,2131 
서울특별시,강동구,길동,1125074,224 ,178 ,192 ,0 ,1 ,1455 ,77 ,11 ,2 ,2 ,4 ,36 ,46720 ,22881 ,23839 ,9201 
서울특별시,성북구,길음1동,1108066,125 ,82 ,3 ,0 ,0 ,705 ,55 ,8 ,1 ,1 ,9 ,7 ,37263 ,17772 ,19491 ,4935 
서울특별시,성북구,길음2동,1108068,87 ,82 ,0 ,0 ,0 ,574 ,33 ,4 ,1 ,0 ,2 ,17 ,16545 ,8050 ,8495 ,3639 
서울특별시,관악구,낙성대동,1121058,87 ,49 ,57 ,3 ,5 ,528 ,14 ,2 ,2 ,0 ,5 ,0 ,17736 ,8834 ,8902 ,3085 
서울특별시,관악구,난곡동,1121081,31 ,12 ,49 ,0 ,0 ,1356 ,63 ,5 ,1 ,2 ,4 ,0 ,29173 ,14693 ,14480 ,3496 
서울특별시,관악구,난향동,1121071,55 ,48 ,26 ,0 ,0 ,605 ,32 ,6 ,1 ,0 ,1 ,0 ,16436 ,8110 ,8326 ,1855 
서울특별시,서대문구,남가좌1동,1113069,105 ,30 ,0 ,0 ,0 ,364 ,13 ,2 ,1 ,2 ,4 ,11 ,17029 ,8221 ,8808 ,2399 
서울특별시,서대문구,남가좌2동,1113070,131 ,62 ,14 ,0 ,0 ,1086 ,70 ,10 ,1 ,1 ,4 ,11 ,25729 ,12324 ,13405 ,3458 
서울특별시,용산구,남영동,1103053,70 ,76 ,25 ,0 ,0 ,1229 ,16 ,0 ,1 ,0 ,3 ,18 ,8521 ,5119 ,3402 ,2505 
서울특별시,관악구,남현동,1121063,25 ,19 ,60 ,0 ,0 ,471 ,31 ,6 ,3 ,0 ,5 ,0 ,19032 ,9148 ,9884 ,4031 
서울특별시,서초구,내곡동,1122068,130 ,41 ,30 ,1 ,1 ,647 ,32 ,5 ,13 ,0 ,12 ,7 ,18545 ,9030 ,9515 ,4563 
서울특별시,동작구,노량진1동,1120072,85 ,114 ,0 ,1 ,7 ,1314 ,91 ,0 ,2 ,3 ,4 ,14 ,32603 ,16165 ,16438 ,5537 
서울특별시,동작구,노량진2동,1120052,30 ,15 ,0 ,0 ,0 ,908 ,63 ,0 ,1 ,1 ,1 ,14 ,13954 ,7169 ,6785 ,3197 
서울특별시,은평구,녹번동,1112051,106 ,78 ,80 ,0 ,2 ,1843 ,68 ,3 ,2 ,0 ,10 ,17 ,38158 ,18352 ,19806 ,6460 
서울특별시,강남구,논현1동,1123052,104 ,125 ,0 ,1 ,1 ,571 ,11 ,0 ,1 ,2 ,2 ,24 ,23810 ,11081 ,12729 ,4718 
서울특별시,강남구,논현2동,1123053,184 ,175 ,0 ,1 ,0 ,470 ,13 ,0 ,1 ,2 ,7 ,24 ,22002 ,10245 ,11757 ,4735 
서울특별시,광진구,능동,1105059,38 ,24 ,0 ,0 ,5 ,312 ,24 ,3 ,1 ,2 ,1 ,8 ,11867 ,5482 ,6385 ,2335 
서울특별시,중구,다산동,1102070,41 ,34 ,0 ,0 ,1 ,609 ,30 ,0 ,1 ,0 ,3 ,0 ,15075 ,7303 ,7772 ,2840 
서울특별시,동대문구,답십리1동,1106091,184 ,81 ,0 ,0 ,2 ,778 ,52 ,4 ,1 ,2 ,3 ,16 ,29939 ,14512 ,15427 ,3841 
서울특별시,동대문구,답십리2동,1106086,126 ,60 ,0 ,1 ,1 ,1149 ,82 ,8 ,1 ,3 ,4 ,16 ,30439 ,14895 ,15544 ,4650 
서울특별시,영등포구,당산1동,1119055,136 ,96 ,0 ,1 ,0 ,839 ,34 ,0 ,1 ,1 ,1 ,22 ,21509 ,10576 ,10933 ,3710 
서울특별시,영등포구,당산2동,1119056,189 ,115 ,5 ,0 ,5 ,756 ,19 ,0 ,2 ,1 ,7 ,11 ,36238 ,17034 ,19204 ,5945 
서울특별시,영등포구,대림1동,1119070,81 ,39 ,0 ,1 ,0 ,777 ,36 ,0 ,0 ,0 ,2 ,10 ,16499 ,8524 ,7975 ,2487 
서울특별시,영등포구,대림2동,1119071,95 ,51 ,1 ,0 ,0 ,783 ,26 ,0 ,1 ,2 ,1 ,12 ,21705 ,11361 ,10344 ,2569 
서울특별시,영등포구,대림3동,1119072,139 ,109 ,3 ,0 ,5 ,925 ,47 ,0 ,1 ,0 ,5 ,21 ,28879 ,14804 ,14075 ,4267 
서울특별시,동작구,대방동,1120068,104 ,154 ,0 ,1 ,4 ,1253 ,111 ,0 ,2 ,0 ,2 ,21 ,40244 ,19148 ,21096 ,6212 
서울특별시,은평구,대조동,1112058,91 ,53 ,123 ,1 ,0 ,1408 ,60 ,10 ,1 ,4 ,4 ,29 ,29784 ,14013 ,15771 ,7191 
서울특별시,강남구,대치1동,1123060,61 ,69 ,0 ,0 ,0 ,163 ,4 ,0 ,1 ,0 ,8 ,8 ,25349 ,12722 ,12627 ,3051 
서울특별시,강남구,대치2동,1123079,198 ,152 ,0 ,0 ,5 ,457 ,8 ,0 ,2 ,0 ,3 ,21 ,38853 ,19737 ,19116 ,5891 
서울특별시,강남구,대치4동,1123063,51 ,91 ,0 ,1 ,1 ,371 ,6 ,0 ,1 ,0 ,2 ,7 ,20937 ,9914 ,11023 ,3058 
서울특별시,관악구,대학동,1121073,55 ,41 ,48 ,1 ,4 ,666 ,24 ,5 ,8 ,0 ,6 ,0 ,24603 ,14584 ,10019 ,3752 
서울특별시,마포구,대흥동,1114060,170 ,83 ,0 ,0 ,5 ,594 ,36 ,4 ,1 ,0 ,2 ,9 ,13776 ,6285 ,7491 ,3002 
서울특별시,강남구,도곡1동,1123066,72 ,74 ,0 ,0 ,1 ,407 ,6 ,0 ,1 ,0 ,4 ,17 ,22618 ,10702 ,11916 ,4176 
서울특별시,강남구,도곡2동,1123067,131 ,86 ,0 ,0 ,0 ,542 ,3 ,0 ,1 ,0 ,8 ,16 ,34385 ,15989 ,18396 ,4453 
서울특별시,영등포구,도림동,1119075,74 ,52 ,0 ,0 ,3 ,909 ,48 ,0 ,1 ,2 ,2 ,12 ,21778 ,11116 ,10662 ,2752 
서울특별시,도봉구,도봉1동,1110064,59 ,58 ,0 ,0 ,1 ,1900 ,109 ,0 ,9 ,2 ,11 ,23 ,22431 ,11330 ,11101 ,4501 
서울특별시,도봉구,도봉2동,1110065,176 ,92 ,1 ,0 ,7 ,1700 ,97 ,0 ,1 ,0 ,7 ,18 ,28789 ,14134 ,14655 ,3886 
서울특별시,마포구,도화동,1114075,16 ,64 ,0 ,0 ,0 ,730 ,37 ,8 ,1 ,0 ,2 ,12 ,22663 ,10772 ,11891 ,3362 
서울특별시,금천구,독산1동,1118052,190 ,102 ,141 ,0 ,1 ,1148 ,61 ,6 ,2 ,2 ,8 ,10 ,43529 ,22633 ,20896 ,4478 
서울특별시,금천구,독산2동,1118053,42 ,38 ,82 ,0 ,1 ,1207 ,126 ,4 ,1 ,0 ,6 ,11 ,21602 ,11101 ,10501 ,2632 
서울특별시,금천구,독산3동,1118054,65 ,47 ,130 ,0 ,3 ,1520 ,121 ,6 ,1 ,2 ,6 ,15 ,30152 ,15594 ,14558 ,3380 
서울특별시,금천구,독산4동,1118055,77 ,36 ,86 ,0 ,3 ,635 ,40 ,2 ,1 ,1 ,5 ,18 ,18444 ,9400 ,9044 ,2104 
서울특별시,성북구,돈암1동,1108058,52 ,64 ,11 ,0 ,0 ,569 ,54 ,2 ,0 ,0 ,4 ,6 ,16048 ,7496 ,8552 ,3399 
서울특별시,성북구,돈암2동,1108059,11 ,29 ,5 ,0 ,1 ,497 ,30 ,1 ,0 ,1 ,0 ,9 ,25076 ,11975 ,13101 ,2254 
서울특별시,성북구,동선동,1108083,118 ,106 ,4 ,0 ,1 ,556 ,53 ,4 ,1 ,1 ,0 ,17 ,16460 ,6821 ,9639 ,3747 
서울특별시,중구,동화동,1102073,47 ,49 ,0 ,0 ,0 ,284 ,14 ,0 ,0 ,0 ,2 ,0 ,11064 ,5316 ,5748 ,1580 
서울특별시,강동구,둔촌1동,1125070,37 ,44 ,1 ,0 ,0 ,3 ,0 ,0 ,1 ,0 ,0 ,7 ,287 ,136 ,151 ,1338 
서울특별시,강동구,둔촌2동,1125071,146 ,93 ,68 ,0 ,4 ,775 ,59 ,3 ,1 ,0 ,2 ,13 ,27943 ,13811 ,14132 ,6486 
서울특별시,강서구,등촌1동,1116052,90 ,72 ,1 ,1 ,0 ,668 ,16 ,0 ,1 ,1 ,4 ,12 ,23720 ,11213 ,12507 ,2555 
서울특별시,강서구,등촌2동,1116053,47 ,26 ,0 ,0 ,0 ,448 ,21 ,0 ,1 ,0 ,1 ,11 ,21922 ,10844 ,11078 ,2436 
서울특별시,강서구,등촌3동,1116054,337 ,166 ,1 ,2 ,3 ,2339 ,184 ,0 ,1 ,1 ,11 ,9 ,32715 ,15551 ,17164 ,5662 
서울특별시,성동구,마장동,1104054,124 ,97 ,0 ,1 ,3 ,888 ,49 ,0 ,1 ,2 ,4 ,11 ,24137 ,11834 ,12303 ,4524 
서울특별시,송파구,마천1동,1124055,36 ,35 ,103 ,0 ,1 ,1000 ,67 ,0 ,1 ,0 ,12 ,6 ,20833 ,10639 ,10194 ,2238 
서울특별시,송파구,마천2동,1124056,75 ,54 ,123 ,1 ,1 ,877 ,69 ,0 ,1 ,4 ,7 ,9 ,20315 ,10303 ,10012 ,3322 
서울특별시,중랑구,망우3동,1107068,33 ,44 ,0 ,0 ,1 ,940 ,71 ,0 ,1 ,0 ,4 ,19 ,18025 ,9022 ,9003 ,2499 
서울특별시,중랑구,망우본동,1107073,179 ,164 ,0 ,1 ,5 ,1516 ,129 ,0 ,3 ,2 ,4 ,18 ,31251 ,15798 ,15453 ,6234 
서울특별시,마포구,망원1동,1114069,74 ,58 ,0 ,0 ,7 ,839 ,46 ,0 ,1 ,2 ,3 ,6 ,21995 ,10357 ,11638 ,3216 
서울특별시,마포구,망원2동,1114070,113 ,62 ,0 ,0 ,6 ,621 ,36 ,3 ,1 ,2 ,2 ,16 ,19270 ,9169 ,10101 ,2789 
서울특별시,중랑구,면목2동,1107052,87 ,62 ,0 ,1 ,1 ,1215 ,87 ,0 ,1 ,0 ,3 ,20 ,26156 ,13076 ,13080 ,3973 
서울특별시,중랑구,면목3·8동,1107072,71 ,67 ,0 ,0 ,0 ,1270 ,51 ,0 ,2 ,2 ,4 ,25 ,26729 ,13316 ,13413 ,3812 
서울특별시,중랑구,면목4동,1107054,76 ,51 ,0 ,0 ,6 ,926 ,71 ,0 ,1 ,0 ,2 ,17 ,20237 ,10046 ,10191 ,3341 
서울특별시,중랑구,면목5동,1107055,64 ,36 ,5 ,0 ,1 ,450 ,12 ,0 ,1 ,0 ,3 ,20 ,9876 ,5034 ,4842 ,1857 
서울특별시,중랑구,면목7동,1107057,57 ,50 ,0 ,0 ,2 ,890 ,96 ,0 ,1 ,4 ,1 ,8 ,21913 ,10879 ,11034 ,4197 
서울특별시,중랑구,면목본동,1107071,145 ,74 ,0 ,0 ,0 ,2173 ,119 ,0 ,1 ,6 ,5 ,12 ,36247 ,18001 ,18246 ,5584 
서울특별시,중구,명동,1102055,230 ,193 ,2 ,0 ,0 ,180 ,5 ,0 ,1 ,7 ,9 ,22 ,3497 ,1557 ,1940 ,4248 
서울특별시,강동구,명일1동,1125053,97 ,67 ,76 ,1 ,1 ,593 ,33 ,5 ,1 ,5 ,8 ,7 ,26212 ,12845 ,13367 ,4568 
서울특별시,강동구,명일2동,1125054,121 ,55 ,56 ,1 ,0 ,277 ,22 ,2 ,1 ,0 ,2 ,8 ,18000 ,8870 ,9130 ,2697 
서울특별시,양천구,목1동,1115051,322 ,153 ,0 ,0 ,9 ,419 ,23 ,0 ,1 ,0 ,2 ,15 ,32111 ,15467 ,16644 ,5669 
서울특별시,양천구,목2동,1115052,52 ,67 ,1 ,0 ,5 ,3831 ,58 ,0 ,1 ,1 ,3 ,12 ,31501 ,15393 ,16108 ,3663 
서울특별시,양천구,목3동,1115053,47 ,44 ,2 ,0 ,0 ,701 ,38 ,0 ,1 ,1 ,4 ,14 ,23145 ,11135 ,12010 ,3311 
서울특별시,양천구,목4동,1115054,67 ,44 ,0 ,0 ,1 ,677 ,54 ,0 ,1 ,4 ,4 ,14 ,27053 ,13283 ,13770 ,2656 
서울특별시,양천구,목5동,1115071,302 ,138 ,5 ,0 ,2 ,472 ,1 ,0 ,2 ,0 ,9 ,22 ,42943 ,21204 ,21739 ,5333 
서울특별시,종로구,무악동,1101057,11 ,12 ,0 ,1 ,1 ,265 ,17 ,2 ,0 ,0 ,3 ,0 ,8745 ,4078 ,4667 ,1515 
서울특별시,중랑구,묵1동,1107064,126 ,105 ,0 ,0 ,4 ,924 ,68 ,0 ,1 ,0 ,7 ,15 ,36063 ,17551 ,18512 ,4996 
서울특별시,중랑구,묵2동,1107065,103 ,67 ,0 ,0 ,0 ,787 ,62 ,0 ,1 ,0 ,1 ,15 ,20094 ,9872 ,10222 ,3134 
서울특별시,영등포구,문래동,1119076,320 ,232 ,0 ,0 ,6 ,844 ,25 ,0 ,1 ,2 ,5 ,31 ,31961 ,15769 ,16192 ,6131 
서울특별시,송파구,문정1동,1124068,146 ,66 ,61 ,0 ,0 ,381 ,7 ,0 ,1 ,0 ,4 ,17 ,21380 ,10597 ,10783 ,3205 
서울특별시,송파구,문정2동,1124069,125 ,61 ,16 ,0 ,1 ,361 ,2 ,0 ,2 ,0 ,10 ,20 ,30038 ,14002 ,16036 ,5257 
서울특별시,관악구,미성동,1121083,52 ,36 ,63 ,1 ,7 ,1180 ,59 ,17 ,1 ,0 ,8 ,4 ,32929 ,16122 ,16807 ,3806 
서울특별시,강북구,미아동,1109070,71 ,44 ,0 ,0 ,0 ,1217 ,112 ,1 ,1 ,0 ,5 ,90 ,22987 ,10986 ,12001 ,4348 
서울특별시,서초구,반포1동,1122057,101 ,65 ,2 ,0 ,3 ,693 ,24 ,8 ,1 ,0 ,5 ,32 ,33139 ,15937 ,17202 ,3944 
서울특별시,서초구,반포2동,1122058,88 ,58 ,0 ,0 ,5 ,184 ,1 ,6 ,1 ,0 ,2 ,30 ,16381 ,7809 ,8572 ,2822 
서울특별시,서초구,반포3동,1122059,105 ,64 ,0 ,0 ,2 ,391 ,5 ,11 ,1 ,0 ,5 ,14 ,20324 ,9608 ,10716 ,3137 
서울특별시,서초구,반포4동,1122060,91 ,114 ,0 ,0 ,0 ,406 ,9 ,34 ,1 ,0 ,3 ,6 ,20270 ,9593 ,10677 ,7081 
서울특별시,서초구,반포본동,1122056,57 ,38 ,0 ,0 ,0 ,254 ,4 ,1 ,1 ,0 ,4 ,14 ,12106 ,5694 ,6412 ,1837 
서울특별시,강서구,발산1동,1116067,196 ,157 ,0 ,1 ,1 ,732 ,51 ,0 ,3 ,1 ,9 ,6 ,38559 ,18367 ,20192 ,4195 
서울특별시,서초구,방배1동,1122062,33 ,61 ,0 ,0 ,0 ,535 ,14 ,10 ,1 ,0 ,1 ,16 ,17559 ,8245 ,9314 ,3325 
서울특별시,서초구,방배2동,1122063,58 ,121 ,0 ,2 ,1 ,858 ,41 ,17 ,2 ,0 ,6 ,15 ,21135 ,9972 ,11163 ,4355 
서울특별시,서초구,방배3동,1122064,51 ,59 ,0 ,0 ,3 ,659 ,29 ,9 ,2 ,0 ,7 ,10 ,22489 ,10841 ,11648 ,3889 
서울특별시,서초구,방배4동,1122065,69 ,105 ,0 ,0 ,3 ,674 ,15 ,12 ,1 ,0 ,2 ,5 ,24278 ,11174 ,13104 ,4395 
서울특별시,서초구,방배본동,1122061,63 ,72 ,0 ,0 ,0 ,523 ,17 ,7 ,1 ,2 ,1 ,6 ,21471 ,9991 ,11480 ,4244 
서울특별시,송파구,방이1동,1124057,72 ,66 ,161 ,0 ,0 ,282 ,17 ,0 ,1 ,0 ,4 ,17 ,16515 ,7983 ,8532 ,2626 
서울특별시,송파구,방이2동,1124058,70 ,62 ,103 ,0 ,0 ,956 ,44 ,0 ,1 ,2 ,6 ,17 ,26209 ,12561 ,13648 ,4733 
서울특별시,도봉구,방학1동,1110055,219 ,137 ,0 ,0 ,1 ,1698 ,90 ,0 ,1 ,0 ,9 ,13 ,30344 ,15009 ,15335 ,4285 
서울특별시,도봉구,방학2동,1110056,62 ,23 ,4 ,0 ,0 ,1696 ,103 ,0 ,1 ,1 ,5 ,15 ,21268 ,10725 ,10543 ,3272 
서울특별시,도봉구,방학3동,1110057,136 ,65 ,12 ,0 ,1 ,877 ,39 ,0 ,3 ,0 ,4 ,15 ,28846 ,14054 ,14792 ,4614 
서울특별시,강서구,방화1동,1116070,149 ,80 ,0 ,1 ,0 ,1065 ,88 ,0 ,1 ,2 ,12 ,15 ,45847 ,22412 ,23435 ,5164 
서울특별시,강서구,방화2동,1116071,240 ,106 ,0 ,1 ,1 ,1159 ,81 ,0 ,6 ,0 ,7 ,26 ,24203 ,11982 ,12221 ,5850 
서울특별시,강서구,방화3동,1116072,211 ,97 ,0 ,0 ,7 ,1434 ,214 ,0 ,2 ,0 ,10 ,17 ,24582 ,11865 ,12717 ,3428 
서울특별시,강북구,번1동,1109060,133 ,66 ,0 ,0 ,2 ,904 ,57 ,3 ,1 ,1 ,3 ,13 ,19815 ,9806 ,10009 ,3799 
서울특별시,강북구,번2동,1109061,100 ,41 ,4 ,0 ,6 ,1028 ,154 ,4 ,1 ,0 ,3 ,13 ,17307 ,8407 ,8900 ,2788 
서울특별시,강북구,번3동,1109062,129 ,69 ,2 ,0 ,0 ,1197 ,158 ,5 ,1 ,0 ,5 ,15 ,18506 ,8723 ,9783 ,3373 
서울특별시,용산구,보광동,1103070,18 ,13 ,38 ,0 ,0 ,1000 ,41 ,0 ,1 ,2 ,0 ,6 ,15897 ,8039 ,7858 ,1705 
서울특별시,관악구,보라매동,1121052,37 ,26 ,57 ,2 ,5 ,1024 ,41 ,2 ,1 ,0 ,4 ,76 ,26688 ,13016 ,13672 ,3207 
서울특별시,성북구,보문동,1108061,56 ,75 ,0 ,0 ,1 ,597 ,48 ,3 ,1 ,0 ,4 ,8 ,16839 ,8140 ,8699 ,2817 
서울특별시,종로구,부암동,1101055,45 ,27 ,14 ,0 ,0 ,346 ,12 ,12 ,2 ,0 ,1 ,2 ,10525 ,5002 ,5523 ,2751 
서울특별시,서대문구,북가좌1동,1113071,101 ,38 ,7 ,0 ,0 ,493 ,26 ,3 ,1 ,0 ,2 ,13 ,19188 ,9289 ,9899 ,2458 
서울특별시,서대문구,북가좌2동,1113072,145 ,84 ,15 ,0 ,0 ,1445 ,63 ,7 ,1 ,0 ,5 ,14 ,33955 ,16486 ,17469 ,6981 
서울특별시,서대문구,북아현동,1113074,23 ,19 ,7 ,0 ,1 ,586 ,22 ,4 ,0 ,0 ,6 ,12 ,17607 ,8383 ,9224 ,4587 
서울특별시,은평구,불광1동,1112052,123 ,151 ,78 ,1 ,0 ,1985 ,57 ,2 ,3 ,0 ,12 ,15 ,41048 ,19477 ,21571 ,9029 
서울특별시,은평구,불광2동,1112072,62 ,44 ,91 ,0 ,0 ,1669 ,68 ,5 ,1 ,2 ,7 ,17 ,29576 ,14407 ,15169 ,4407 
서울특별시,성동구,사근동,1104055,87 ,59 ,0 ,0 ,4 ,374 ,23 ,0 ,1 ,1 ,2 ,6 ,13630 ,6748 ,6882 ,2467 
서울특별시,동작구,사당1동,1120063,30 ,52 ,0 ,1 ,0 ,832 ,38 ,0 ,1 ,1 ,2 ,7 ,24139 ,11541 ,12598 ,4358 
서울특별시,동작구,사당2동,1120073,40 ,53 ,0 ,0 ,2 ,1048 ,38 ,0 ,3 ,1 ,2 ,8 ,28471 ,13751 ,14720 ,6475 
서울특별시,동작구,사당3동,1120065,60 ,33 ,0 ,0 ,1 ,733 ,29 ,0 ,1 ,0 ,4 ,13 ,26276 ,12777 ,13499 ,3784 
서울특별시,동작구,사당4동,1120066,11 ,7 ,0 ,0 ,0 ,582 ,50 ,0 ,0 ,5 ,5 ,4 ,14902 ,7139 ,7763 ,2627 
서울특별시,동작구,사당5동,1120067,21 ,39 ,0 ,0 ,2 ,460 ,34 ,0 ,1 ,0 ,5 ,11 ,12957 ,6271 ,6686 ,1614 
서울특별시,종로구,사직동,1101053,211 ,141 ,12 ,0 ,3 ,439 ,20 ,15 ,1 ,0 ,5 ,7 ,9700 ,4375 ,5325 ,3861 
서울특별시,강북구,삼각산동,1109073,128 ,97 ,2 ,0 ,0 ,863 ,54 ,5 ,1 ,0 ,4 ,0 ,33100 ,15899 ,17201 ,4082 
서울특별시,성북구,삼선동,1108082,138 ,147 ,3 ,0 ,1 ,916 ,73 ,3 ,1 ,1 ,4 ,16 ,26599 ,12723 ,13876 ,4643 
서울특별시,강남구,삼성1동,1123058,198 ,147 ,0 ,1 ,1 ,261 ,5 ,0 ,2 ,0 ,2 ,10 ,14928 ,7481 ,7447 ,4349 
서울특별시,강남구,삼성2동,1123059,129 ,165 ,0 ,0 ,0 ,539 ,8 ,0 ,1 ,0 ,2 ,15 ,30362 ,14490 ,15872 ,4765 
서울특별시,관악구,삼성동,1121082,93 ,57 ,63 ,0 ,0 ,1556 ,104 ,10 ,3 ,2 ,4 ,6 ,25454 ,12784 ,12670 ,4960 
서울특별시,강북구,삼양동,1109069,68 ,37 ,15 ,1 ,1 ,1299 ,83 ,1 ,1 ,3 ,6 ,0 ,25776 ,12787 ,12989 ,5461 
서울특별시,송파구,삼전동,1124064,50 ,32 ,75 ,1 ,0 ,848 ,36 ,0 ,1 ,0 ,7 ,18 ,32823 ,15647 ,17176 ,4584 
서울특별시,종로구,삼청동,1101054,17 ,42 ,8 ,0 ,3 ,167 ,5 ,4 ,1 ,2 ,1 ,1 ,3013 ,1443 ,1570 ,1048 
서울특별시,노원구,상계10동,1111074,150 ,44 ,2 ,0 ,0 ,444 ,15 ,0 ,1 ,0 ,6 ,13 ,16736 ,7717 ,9019 ,2779 
서울특별시,노원구,상계1동,1111065,161 ,130 ,2 ,0 ,0 ,1365 ,115 ,0 ,6 ,0 ,15 ,12 ,40359 ,19621 ,20738 ,7401 
서울특별시,노원구,상계2동,1111066,154 ,73 ,0 ,0 ,0 ,753 ,62 ,0 ,1 ,0 ,6 ,14 ,21358 ,10516 ,10842 ,5611 
서울특별시,노원구,상계3·4동,1111076,104 ,72 ,12 ,0 ,2 ,1827 ,209 ,0 ,6 ,0 ,8 ,12 ,25946 ,12910 ,13036 ,4588 
서울특별시,노원구,상계5동,1111069,131 ,77 ,2 ,0 ,1 ,1336 ,118 ,0 ,0 ,1 ,11 ,12 ,25704 ,12519 ,13185 ,4712 
서울특별시,노원구,상계6·7동,1111077,215 ,102 ,6 ,0 ,6 ,1164 ,48 ,0 ,1 ,0 ,15 ,14 ,34834 ,16201 ,18633 ,7578 
서울특별시,노원구,상계8동,1111072,59 ,30 ,8 ,0 ,1 ,582 ,18 ,0 ,1 ,0 ,8 ,20 ,24086 ,11615 ,12471 ,2484 
서울특별시,노원구,상계9동,1111073,124 ,41 ,0 ,0 ,1 ,723 ,41 ,0 ,1 ,0 ,7 ,14 ,22002 ,10501 ,11501 ,2879 
서울특별시,동작구,상도1동,1120053,154 ,117 ,0 ,2 ,1 ,1343 ,112 ,0 ,2 ,3 ,4 ,9 ,48372 ,23364 ,25008 ,7066 
서울특별시,동작구,상도2동,1120054,68 ,88 ,0 ,1 ,0 ,904 ,58 ,0 ,1 ,2 ,7 ,13 ,29396 ,14108 ,15288 ,4614 
서울특별시,동작구,상도3동,1120055,8 ,12 ,0 ,1 ,0 ,940 ,74 ,0 ,1 ,4 ,6 ,15 ,26111 ,12534 ,13577 ,3160 
서울특별시,동작구,상도4동,1120056,39 ,32 ,0 ,0 ,0 ,1174 ,86 ,0 ,1 ,0 ,1 ,22 ,30107 ,14709 ,15398 ,4210 
서울특별시,중랑구,상봉1동,1107059,55 ,85 ,0 ,0 ,0 ,3378 ,77 ,0 ,1 ,0 ,1 ,22 ,25629 ,12506 ,13123 ,3307 
서울특별시,중랑구,상봉2동,1107060,103 ,85 ,1 ,0 ,0 ,1063 ,43 ,0 ,1 ,2 ,3 ,20 ,19728 ,9639 ,10089 ,4959 
서울특별시,마포구,상암동,1114074,427 ,250 ,2 ,0 ,10 ,541 ,60 ,10 ,8 ,0 ,17 ,23 ,32976 ,15745 ,17231 ,4783 
서울특별시,강동구,상일동,1125052,175 ,99 ,134 ,0 ,2 ,455 ,28 ,4 ,3 ,0 ,8 ,19 ,10943 ,5455 ,5488 ,3087 
서울특별시,마포구,서강동,1114076,238 ,118 ,2 ,0 ,1 ,670 ,21 ,6 ,1 ,0 ,7 ,1 ,26240 ,12338 ,13902 ,3565 
서울특별시,마포구,서교동,1114066,395 ,183 ,2 ,0 ,0 ,687 ,29 ,17 ,2 ,4 ,7 ,15 ,26104 ,11903 ,14201 ,7117 
서울특별시,관악구,서림동,1121066,74 ,25 ,45 ,0 ,0 ,793 ,24 ,3 ,1 ,1 ,4 ,1 ,24485 ,13374 ,11111 ,2811 
서울특별시,용산구,서빙고동,1103069,59 ,60 ,20 ,0 ,4 ,513 ,12 ,0 ,3 ,0 ,2 ,8 ,14122 ,6821 ,7301 ,3121 
서울특별시,관악구,서원동,1121064,73 ,33 ,28 ,0 ,1 ,746 ,25 ,7 ,1 ,0 ,5 ,0 ,24095 ,12256 ,11839 ,3548 
서울특별시,서초구,서초1동,1122051,84 ,103 ,0 ,2 ,1 ,647 ,12 ,15 ,1 ,0 ,3 ,17 ,21708 ,10487 ,11221 ,4968 
서울특별시,서초구,서초2동,1122052,163 ,122 ,0 ,0 ,0 ,350 ,9 ,27 ,1 ,0 ,3 ,20 ,18675 ,8949 ,9726 ,4287 
서울특별시,서초구,서초3동,1122053,218 ,190 ,0 ,2 ,1 ,788 ,17 ,39 ,3 ,0 ,7 ,18 ,31067 ,15196 ,15871 ,8841 
서울특별시,서초구,서초4동,1122054,88 ,117 ,1 ,0 ,2 ,418 ,7 ,23 ,1 ,0 ,2 ,24 ,31886 ,15456 ,16430 ,4846 
서울특별시,성북구,석관동,1108085,225 ,122 ,7 ,1 ,5 ,1474 ,98 ,2 ,2 ,2 ,5 ,20 ,36558 ,18094 ,18464 ,5917 
서울특별시,송파구,석촌동,1124063,66 ,55 ,81 ,1 ,0 ,1263 ,30 ,0 ,1 ,2 ,5 ,18 ,34278 ,16451 ,17827 ,4480 
서울특별시,강동구,성내1동,1125065,108 ,161 ,100 ,1 ,1 ,432 ,5 ,1 ,1 ,1 ,3 ,22 ,20648 ,10001 ,10647 ,4238 
서울특별시,강동구,성내2동,1125066,55 ,42 ,75 ,0 ,0 ,1067 ,73 ,4 ,1 ,1 ,1 ,20 ,25300 ,12529 ,12771 ,4873 
서울특별시,강동구,성내3동,1125067,64 ,64 ,91 ,0 ,0 ,682 ,40 ,5 ,1 ,2 ,3 ,20 ,23991 ,11882 ,12109 ,4671 
서울특별시,성북구,성북동,1108081,75 ,69 ,30 ,0 ,1 ,689 ,35 ,3 ,3 ,0 ,0 ,10 ,17671 ,8267 ,9404 ,4001 
서울특별시,마포구,성산1동,1114072,152 ,50 ,0 ,0 ,1 ,637 ,31 ,5 ,1 ,0 ,4 ,12 ,20288 ,9539 ,10749 ,3107 
서울특별시,마포구,성산2동,1114073,275 ,129 ,6 ,0 ,8 ,1513 ,167 ,8 ,2 ,2 ,10 ,13 ,41623 ,19204 ,22419 ,6209 
서울특별시,성동구,성수1가1동,1104065,150 ,67 ,1 ,0 ,8 ,519 ,27 ,0 ,2 ,0 ,2 ,18 ,17331 ,8681 ,8650 ,2068 
서울특별시,성동구,성수1가2동,1104066,100 ,41 ,2 ,0 ,5 ,476 ,23 ,0 ,1 ,1 ,2 ,22 ,15084 ,7494 ,7590 ,2313 
서울특별시,성동구,성수2가1동,1104067,58 ,88 ,0 ,0 ,1 ,812 ,40 ,0 ,1 ,3 ,5 ,11 ,17979 ,9354 ,8625 ,2531 
서울특별시,성동구,성수2가3동,1104068,122 ,103 ,0 ,1 ,1 ,391 ,13 ,0 ,1 ,0 ,7 ,9 ,11725 ,5983 ,5742 ,3217 
서울특별시,관악구,성현동,1121079,154 ,78 ,51 ,0 ,0 ,1201 ,52 ,9 ,1 ,0 ,0 ,0 ,32323 ,15678 ,16645 ,5058 
서울특별시,강남구,세곡동,1123076,227 ,89 ,1 ,3 ,1 ,1045 ,13 ,0 ,6 ,0 ,21 ,15 ,45109 ,21514 ,23595 ,6464 
서울특별시,중구,소공동,1102052,172 ,163 ,0 ,0 ,0 ,72 ,1 ,0 ,1 ,2 ,8 ,5 ,3045 ,1542 ,1503 ,2971 
서울특별시,성동구,송정동,1104069,29 ,21 ,5 ,0 ,1 ,479 ,31 ,0 ,1 ,0 ,2 ,3 ,11546 ,6131 ,5415 ,1410 
서울특별시,강북구,송중동,1109071,145 ,106 ,4 ,0 ,0 ,1316 ,99 ,9 ,1 ,0 ,5 ,0 ,29000 ,13986 ,15014 ,7213 
서울특별시,강북구,송천동,1109072,127 ,107 ,1 ,0 ,0 ,1676 ,91 ,7 ,1 ,2 ,2 ,0 ,28911 ,14343 ,14568 ,5913 
서울특별시,송파구,송파1동,1124061,62 ,28 ,35 ,0 ,0 ,572 ,11 ,0 ,1 ,0 ,6 ,15 ,26152 ,12338 ,13814 ,4180 
서울특별시,송파구,송파2동,1124062,68 ,49 ,76 ,1 ,0 ,346 ,5 ,0 ,1 ,0 ,5 ,11 ,20889 ,10091 ,10798 ,3033 
서울특별시,구로구,수궁동,1117069,128 ,97 ,72 ,0 ,1 ,857 ,62 ,0 ,3 ,0 ,5 ,11 ,25000 ,12417 ,12583 ,4323 
서울특별시,은평구,수색동,1112068,126 ,53 ,23 ,0 ,0 ,469 ,16 ,0 ,1 ,0 ,1 ,13 ,9094 ,4530 ,4564 ,1892 
서울특별시,강남구,수서동,1123075,43 ,62 ,0 ,1 ,3 ,1529 ,12 ,0 ,1 ,0 ,4 ,24 ,16065 ,7379 ,8686 ,5192 
서울특별시,강북구,수유1동,1109063,57 ,64 ,5 ,0 ,0 ,1077 ,87 ,6 ,2 ,7 ,3 ,25 ,21961 ,10849 ,11112 ,4136 
서울특별시,강북구,수유2동,1109064,103 ,42 ,0 ,0 ,0 ,1006 ,69 ,0 ,1 ,3 ,3 ,30 ,22021 ,10589 ,11432 ,5146 
서울특별시,강북구,수유3동,1109065,106 ,80 ,0 ,0 ,0 ,1177 ,64 ,3 ,1 ,5 ,5 ,25 ,24277 ,12079 ,12198 ,6010 
서울특별시,종로구,숭인1동,1101070,46 ,30 ,1 ,0 ,1 ,481 ,37 ,3 ,0 ,0 ,1 ,12 ,6613 ,3237 ,3376 ,1510 
서울특별시,종로구,숭인2동,1101071,55 ,33 ,0 ,0 ,0 ,626 ,27 ,2 ,0 ,0 ,1 ,8 ,9972 ,5008 ,4964 ,2684 
서울특별시,금천구,시흥1동,1118057,161 ,127 ,111 ,0 ,2 ,1446 ,110 ,7 ,2 ,3 ,6 ,10 ,37034 ,18627 ,18407 ,5142 
서울특별시,금천구,시흥2동,1118058,73 ,34 ,36 ,0 ,2 ,720 ,80 ,2 ,1 ,0 ,0 ,11 ,22735 ,11055 ,11680 ,3115 
서울특별시,금천구,시흥3동,1118059,37 ,36 ,90 ,0 ,1 ,579 ,35 ,1 ,1 ,0 ,7 ,14 ,11598 ,5808 ,5790 ,2012 
서울특별시,금천구,시흥4동,1118060,23 ,24 ,67 ,0 ,0 ,1401 ,135 ,1 ,1 ,0 ,8 ,13 ,22246 ,11077 ,11169 ,2427 
서울특별시,금천구,시흥5동,1118061,76 ,70 ,81 ,0 ,0 ,1174 ,85 ,7 ,1 ,1 ,3 ,18 ,21031 ,10476 ,10555 ,2538 
서울특별시,영등포구,신길1동,1119063,40 ,45 ,0 ,1 ,2 ,1063 ,79 ,0 ,1 ,2 ,2 ,10 ,19730 ,10121 ,9609 ,3143 
서울특별시,영등포구,신길3동,1119065,77 ,35 ,0 ,0 ,0 ,819 ,37 ,0 ,1 ,3 ,1 ,12 ,18703 ,9335 ,9368 ,2709 
서울특별시,영등포구,신길4동,1119066,23 ,32 ,2 ,0 ,0 ,599 ,39 ,0 ,0 ,0 ,0 ,18 ,10082 ,5138 ,4944 ,1123 
서울특별시,영등포구,신길5동,1119067,93 ,50 ,0 ,0 ,3 ,523 ,36 ,0 ,0 ,0 ,2 ,7 ,10858 ,5408 ,5450 ,1242 
서울특별시,영등포구,신길6동,1119068,97 ,83 ,4 ,0 ,0 ,717 ,25 ,0 ,1 ,0 ,1 ,12 ,19593 ,9738 ,9855 ,2983 
서울특별시,영등포구,신길7동,1119069,40 ,79 ,0 ,0 ,0 ,363 ,15 ,0 ,1 ,0 ,1 ,13 ,17092 ,8525 ,8567 ,2031 
서울특별시,중랑구,신내1동,1107069,256 ,160 ,10 ,0 ,1 ,4366 ,103 ,0 ,3 ,2 ,6 ,14 ,40738 ,19911 ,20827 ,5864 
서울특별시,중랑구,신내2동,1107070,100 ,54 ,2 ,1 ,1 ,962 ,89 ,0 ,1 ,2 ,4 ,14 ,22095 ,10588 ,11507 ,3844 
서울특별시,중구,신당5동,1102065,34 ,34 ,0 ,0 ,1 ,481 ,32 ,0 ,0 ,1 ,4 ,12 ,10846 ,5312 ,5534 ,1957 
서울특별시,중구,신당동,1102069,153 ,86 ,0 ,0 ,3 ,464 ,27 ,0 ,1 ,13 ,0 ,15 ,9336 ,4570 ,4766 ,3244 
서울특별시,동작구,신대방1동,1120069,38 ,41 ,0 ,0 ,0 ,758 ,46 ,0 ,1 ,0 ,4 ,11 ,26747 ,13063 ,13684 ,2925 
서울특별시,동작구,신대방2동,1120070,50 ,78 ,0 ,0 ,8 ,619 ,40 ,0 ,1 ,0 ,0 ,12 ,20726 ,9963 ,10763 ,4720 
서울특별시,구로구,신도림동,1117051,161 ,131 ,60 ,0 ,13 ,590 ,18 ,0 ,1 ,0 ,3 ,21 ,37392 ,18293 ,19099 ,4715 
서울특별시,관악구,신림동,1121069,65 ,36 ,43 ,0 ,0 ,573 ,16 ,9 ,1 ,0 ,2 ,110 ,22574 ,11376 ,11198 ,3393 
서울특별시,은평구,신사1동,1112065,64 ,37 ,96 ,0 ,0 ,976 ,41 ,4 ,1 ,0 ,3 ,10 ,28658 ,13882 ,14776 ,4587 
서울특별시,은평구,신사2동,1112066,63 ,44 ,53 ,1 ,1 ,911 ,39 ,2 ,1 ,0 ,7 ,11 ,21998 ,10990 ,11008 ,2769 
서울특별시,관악구,신사동,1121068,79 ,37 ,40 ,0 ,1 ,425 ,11 ,18 ,1 ,4 ,2 ,9 ,26161 ,13196 ,12965 ,3279 
서울특별시,강남구,신사동,1123051,75 ,136 ,0 ,1 ,4 ,889 ,36 ,0 ,2 ,2 ,8 ,10 ,17623 ,8207 ,9416 ,4932 
서울특별시,마포구,신수동,1114063,151 ,78 ,0 ,0 ,0 ,662 ,21 ,5 ,1 ,1 ,4 ,8 ,22514 ,10963 ,11551 ,2961 
서울특별시,관악구,신원동,1121065,51 ,16 ,40 ,0 ,0 ,870 ,52 ,4 ,1 ,3 ,1 ,3 ,19892 ,10025 ,9867 ,2889 
서울특별시,양천구,신월1동,1115057,66 ,87 ,0 ,0 ,1 ,1621 ,98 ,0 ,1 ,3 ,5 ,10 ,21976 ,11229 ,10747 ,2749 
서울특별시,양천구,신월2동,1115058,84 ,49 ,4 ,2 ,0 ,725 ,63 ,0 ,1 ,2 ,3 ,8 ,22427 ,11000 ,11427 ,2553 
서울특별시,양천구,신월3동,1115059,29 ,36 ,0 ,0 ,1 ,1340 ,88 ,0 ,1 ,1 ,2 ,10 ,16844 ,8886 ,7958 ,2414 
서울특별시,양천구,신월4동,1115060,56 ,76 ,2 ,0 ,0 ,3048 ,67 ,0 ,1 ,0 ,5 ,9 ,19064 ,9368 ,9696 ,2322 
서울특별시,양천구,신월5동,1115061,56 ,58 ,0 ,0 ,0 ,727 ,169 ,0 ,1 ,0 ,4 ,11 ,15631 ,7735 ,7896 ,1793 
서울특별시,양천구,신월6동,1115062,31 ,16 ,0 ,0 ,0 ,280 ,3 ,0 ,0 ,3 ,2 ,8 ,6670 ,3310 ,3360 ,991 
서울특별시,양천구,신월7동,1115063,91 ,54 ,3 ,2 ,2 ,1165 ,100 ,0 ,1 ,2 ,8 ,12 ,21803 ,10701 ,11102 ,3684 
서울특별시,양천구,신정1동,1115064,150 ,58 ,0 ,0 ,0 ,550 ,36 ,0 ,1 ,3 ,7 ,15 ,21578 ,10559 ,11019 ,2555 
서울특별시,양천구,신정2동,1115065,131 ,57 ,0 ,0 ,5 ,511 ,20 ,0 ,1 ,1 ,2 ,20 ,20713 ,10125 ,10588 ,2071 
서울특별시,양천구,신정3동,1115066,257 ,182 ,0 ,1 ,1 ,1707 ,77 ,0 ,3 ,0 ,14 ,14 ,48467 ,23664 ,24803 ,6221 
서울특별시,양천구,신정4동,1115072,267 ,96 ,0 ,0 ,0 ,1310 ,34 ,0 ,1 ,0 ,10 ,18 ,35784 ,17532 ,18252 ,5439 
서울특별시,양천구,신정6동,1115069,221 ,82 ,0 ,0 ,6 ,309 ,2 ,0 ,1 ,0 ,7 ,14 ,25291 ,12314 ,12977 ,2861 
서울특별시,양천구,신정7동,1115070,145 ,86 ,0 ,2 ,0 ,1189 ,64 ,0 ,1 ,0 ,4 ,15 ,30930 ,15006 ,15924 ,4524 
서울특별시,서대문구,신촌동,1113075,294 ,143 ,45 ,0 ,2 ,562 ,26 ,23 ,3 ,0 ,4 ,13 ,24810 ,9749 ,15061 ,5743 
서울특별시,도봉구,쌍문1동,1110051,59 ,50 ,1 ,0 ,0 ,1228 ,73 ,0 ,1 ,1 ,3 ,10 ,22528 ,10857 ,11671 ,3801 
서울특별시,도봉구,쌍문2동,1110052,60 ,33 ,0 ,0 ,0 ,1191 ,88 ,0 ,1 ,2 ,2 ,16 ,20133 ,9783 ,10350 ,3612 
서울특별시,도봉구,쌍문3동,1110053,67 ,36 ,1 ,0 ,1 ,941 ,55 ,0 ,1 ,1 ,3 ,12 ,17325 ,8335 ,8990 ,3711 
서울특별시,도봉구,쌍문4동,1110054,37 ,43 ,7 ,0 ,1 ,549 ,16 ,0 ,1 ,0 ,3 ,10 ,19946 ,9500 ,10446 ,2326 
서울특별시,마포구,아현동,1114078,67 ,91 ,0 ,0 ,1 ,654 ,23 ,5 ,1 ,2 ,5 ,18 ,25391 ,11942 ,13449 ,3615 
서울특별시,성북구,안암동,1108060,110 ,102 ,6 ,1 ,0 ,580 ,45 ,7 ,1 ,0 ,1 ,14 ,17877 ,8677 ,9200 ,3485 
서울특별시,강동구,암사1동,1125072,66 ,43 ,97 ,0 ,0 ,1304 ,79 ,1 ,1 ,2 ,4 ,7 ,36975 ,18329 ,18646 ,5305 
서울특별시,강동구,암사2동,1125058,95 ,45 ,47 ,0 ,7 ,355 ,25 ,1 ,1 ,0 ,2 ,8 ,14557 ,7083 ,7474 ,2561 
서울특별시,강동구,암사3동,1125059,62 ,66 ,32 ,0 ,0 ,291 ,16 ,2 ,3 ,0 ,4 ,9 ,18821 ,9226 ,9595 ,2094 
서울특별시,강남구,압구정동,1123077,146 ,229 ,0 ,1 ,0 ,726 ,4 ,0 ,3 ,3 ,3 ,15 ,27767 ,12751 ,15016 ,7474 
서울특별시,중구,약수동,1102071,27 ,24 ,0 ,0 ,1 ,949 ,81 ,0 ,0 ,2 ,1 ,0 ,17760 ,8386 ,9374 ,3628 
서울특별시,서초구,양재1동,1122066,237 ,182 ,0 ,2 ,4 ,1709 ,93 ,18 ,6 ,2 ,25 ,25 ,46022 ,22005 ,24017 ,6939 
서울특별시,서초구,양재2동,1122067,204 ,142 ,0 ,0 ,9 ,741 ,28 ,25 ,8 ,0 ,17 ,28 ,23250 ,11703 ,11547 ,4701 
서울특별시,영등포구,양평1동,1119061,137 ,109 ,0 ,0 ,2 ,585 ,25 ,0 ,1 ,1 ,1 ,19 ,18251 ,9117 ,9134 ,2705 
서울특별시,영등포구,양평2동,1119062,162 ,131 ,5 ,0 ,4 ,493 ,24 ,0 ,3 ,0 ,2 ,22 ,22886 ,11432 ,11454 ,3205 
서울특별시,영등포구,여의도동,1119054,776 ,359 ,27 ,0 ,4 ,1036 ,5 ,0 ,8 ,0 ,3 ,0 ,34576 ,16312 ,18264 ,11331 
서울특별시,강남구,역삼1동,1123064,298 ,213 ,0 ,1 ,0 ,710 ,21 ,0 ,2 ,0 ,6 ,27 ,37277 ,18019 ,19258 ,8559 
서울특별시,강남구,역삼2동,1123065,127 ,133 ,0 ,0 ,3 ,506 ,15 ,0 ,1 ,0 ,9 ,27 ,37211 ,17489 ,19722 ,5834 
서울특별시,은평구,역촌동,1112074,140 ,90 ,258 ,1 ,0 ,1944 ,108 ,10 ,1 ,0 ,7 ,8 ,48883 ,23231 ,25652 ,7172 
서울특별시,마포구,연남동,1114071,73 ,44 ,0 ,0 ,0 ,611 ,31 ,6 ,1 ,2 ,2 ,0 ,17051 ,7937 ,9114 ,2425 
서울특별시,서대문구,연희동,1113076,187 ,125 ,5 ,0 ,4 ,1481 ,46 ,7 ,3 ,1 ,8 ,0 ,41358 ,19764 ,21594 ,6507 
서울특별시,마포구,염리동,1114061,27 ,22 ,0 ,0 ,0 ,436 ,21 ,3 ,0 ,0 ,2 ,0 ,13533 ,6339 ,7194 ,1544 
서울특별시,강서구,염창동,1116051,83 ,123 ,0 ,0 ,0 ,522 ,13 ,0 ,2 ,0 ,4 ,0 ,42478 ,20758 ,21720 ,4040 
서울특별시,영등포구,영등포동,1119074,385 ,173 ,0 ,0 ,0 ,1454 ,28 ,0 ,1 ,6 ,4 ,67 ,27149 ,14750 ,12399 ,6907 
서울특별시,영등포구,영등포본동,1119073,70 ,56 ,0 ,1 ,1 ,1128 ,34 ,0 ,1 ,0 ,2 ,0 ,24989 ,12884 ,12105 ,4287 
서울특별시,송파구,오금동,1124060,302 ,165 ,190 ,0 ,6 ,1010 ,57 ,0 ,2 ,0 ,15 ,0 ,40959 ,19968 ,20991 ,5831 
서울특별시,구로구,오류1동,1117067,73 ,39 ,53 ,0 ,0 ,925 ,54 ,0 ,1 ,1 ,1 ,7 ,23025 ,11297 ,11728 ,3085 
서울특별시,구로구,오류2동,1117068,290 ,230 ,84 ,1 ,2 ,1381 ,82 ,0 ,5 ,0 ,10 ,15 ,51567 ,25087 ,26480 ,8188 
서울특별시,송파구,오륜동,1124059,109 ,48 ,2 ,0 ,11 ,240 ,1 ,0 ,3 ,0 ,1 ,0 ,18917 ,9285 ,9632 ,3742 
서울특별시,성동구,옥수동,1104073,117 ,44 ,0 ,0 ,0 ,762 ,36 ,0 ,2 ,0 ,3 ,0 ,27264 ,12783 ,14481 ,5204 
서울특별시,성동구,왕십리2동,1104052,29 ,25 ,0 ,1 ,0 ,637 ,30 ,0 ,0 ,0 ,4 ,0 ,17953 ,8738 ,9215 ,2380 
서울특별시,성동구,왕십리도선동,1104071,86 ,98 ,2 ,1 ,0 ,887 ,42 ,0 ,1 ,1 ,7 ,10 ,27878 ,13290 ,14588 ,3007 
서울특별시,마포구,용강동,1114059,147 ,131 ,2 ,1 ,2 ,650 ,30 ,6 ,1 ,0 ,6 ,6 ,22403 ,10641 ,11762 ,3725 
서울특별시,성동구,용답동,1104070,98 ,42 ,3 ,0 ,6 ,662 ,41 ,0 ,2 ,1 ,2 ,0 ,13572 ,7149 ,6423 ,3397 
서울특별시,용산구,용문동,1103059,41 ,45 ,13 ,1 ,0 ,516 ,11 ,0 ,0 ,1 ,1 ,0 ,12649 ,6066 ,6583 ,1626 
서울특별시,용산구,용산2가동,1103052,40 ,22 ,26 ,0 ,0 ,625 ,29 ,0 ,2 ,1 ,0 ,6 ,11831 ,5820 ,6011 ,1798 
서울특별시,동대문구,용신동,1106081,301 ,245 ,4 ,0 ,0 ,1661 ,81 ,8 ,2 ,3 ,6 ,0 ,32073 ,16401 ,15672 ,8224 
서울특별시,강북구,우이동,1109074,69 ,52 ,0 ,0 ,2 ,1084 ,74 ,1 ,10 ,1 ,2 ,2 ,21401 ,10440 ,10961 ,4337 
서울특별시,강서구,우장산동,1116074,86 ,72 ,3 ,0 ,3 ,731 ,44 ,0 ,1 ,0 ,8 ,5 ,45305 ,21727 ,23578 ,5310 
서울특별시,용산구,원효로1동,1103072,66 ,75 ,56 ,0 ,2 ,530 ,17 ,0 ,1 ,0 ,5 ,9 ,16471 ,7968 ,8503 ,3012 
서울특별시,용산구,원효로2동,1103057,49 ,52 ,58 ,1 ,1 ,621 ,12 ,0 ,1 ,0 ,2 ,3 ,14779 ,6944 ,7835 ,2340 
서울특별시,노원구,월계1동,1111051,92 ,48 ,10 ,0 ,2 ,937 ,65 ,0 ,1 ,0 ,10 ,14 ,24044 ,12375 ,11669 ,4351 
서울특별시,노원구,월계2동,1111052,62 ,67 ,8 ,0 ,5 ,1646 ,171 ,0 ,2 ,0 ,11 ,14 ,26209 ,12620 ,13589 ,4330 
서울특별시,노원구,월계3동,1111053,91 ,47 ,2 ,0 ,0 ,1410 ,125 ,0 ,1 ,0 ,5 ,14 ,31904 ,15299 ,16605 ,4597 
서울특별시,성북구,월곡1동,1108071,99 ,71 ,0 ,0 ,4 ,927 ,66 ,3 ,1 ,0 ,5 ,13 ,27698 ,13399 ,14299 ,4040 
서울특별시,성북구,월곡2동,1108072,77 ,103 ,0 ,1 ,0 ,747 ,48 ,4 ,1 ,0 ,3 ,12 ,20571 ,9982 ,10589 ,4323 
서울특별시,송파구,위례동,1124082,40 ,8 ,1 ,0 ,0 ,256 ,25 ,0 ,3 ,0 ,5 ,0 ,28291 ,13783 ,14508 ,3311 
서울특별시,관악구,은천동,1121078,112 ,58 ,53 ,0 ,1 ,1290 ,75 ,8 ,1 ,4 ,5 ,0 ,35505 ,17398 ,18107 ,4197 
서울특별시,중구,을지로동,1102060,182 ,115 ,0 ,0 ,1 ,228 ,9 ,0 ,1 ,6 ,0 ,16 ,2002 ,1207 ,795 ,3166 
서울특별시,성동구,응봉동,1104058,19 ,32 ,0 ,0 ,12 ,479 ,25 ,0 ,1 ,0 ,3 ,5 ,16228 ,7699 ,8529 ,2451 
서울특별시,은평구,응암1동,1112059,91 ,73 ,89 ,0 ,0 ,993 ,36 ,4 ,1 ,0 ,5 ,13 ,25747 ,12290 ,13457 ,4309 
서울특별시,은평구,응암2동,1112060,113 ,69 ,40 ,0 ,4 ,781 ,28 ,3 ,1 ,3 ,5 ,14 ,23882 ,11655 ,12227 ,2705 
서울특별시,은평구,응암3동,1112073,114 ,74 ,111 ,1 ,0 ,1650 ,78 ,5 ,1 ,4 ,4 ,14 ,26193 ,12818 ,13375 ,4779 
서울특별시,동대문구,이문1동,1106089,64 ,36 ,0 ,0 ,0 ,771 ,47 ,7 ,1 ,0 ,2 ,8 ,22622 ,10746 ,11876 ,3092 
서울특별시,동대문구,이문2동,1106090,89 ,47 ,0 ,0 ,1 ,796 ,72 ,1 ,1 ,2 ,0 ,8 ,21273 ,10349 ,10924 ,3567 
서울특별시,용산구,이촌1동,1103063,96 ,90 ,54 ,0 ,10 ,672 ,2 ,0 ,3 ,2 ,9 ,5 ,29251 ,13741 ,15510 ,5086 
서울특별시,용산구,이촌2동,1103064,28 ,7 ,19 ,0 ,1 ,421 ,9 ,0 ,1 ,0 ,1 ,4 ,9025 ,4254 ,4771 ,1343 
서울특별시,용산구,이태원1동,1103065,71 ,35 ,58 ,0 ,0 ,383 ,15 ,0 ,1 ,2 ,2 ,8 ,9086 ,4749 ,4337 ,1670 
서울특별시,용산구,이태원2동,1103066,34 ,20 ,47 ,0 ,1 ,503 ,18 ,0 ,1 ,0 ,3 ,12 ,10812 ,5088 ,5724 ,1709 
서울특별시,종로구,이화동,1101064,60 ,39 ,0 ,1 ,0 ,596 ,130 ,11 ,1 ,0 ,2 ,1 ,8566 ,3939 ,4627 ,3316 
서울특별시,강북구,인수동,1109075,121 ,88 ,7 ,1 ,3 ,1657 ,119 ,0 ,3 ,6 ,2 ,0 ,32813 ,15890 ,16923 ,7294 
서울특별시,관악구,인헌동,1121062,22 ,24 ,52 ,0 ,0 ,813 ,48 ,4 ,1 ,3 ,5 ,0 ,27200 ,13295 ,13905 ,3142 
서울특별시,강남구,일원1동,1123073,60 ,68 ,0 ,0 ,5 ,793 ,15 ,0 ,1 ,0 ,1 ,8 ,16556 ,8079 ,8477 ,3539 
서울특별시,강남구,일원2동,1123074,72 ,36 ,0 ,0 ,1 ,839 ,8 ,0 ,1 ,0 ,4 ,8 ,18162 ,8768 ,9394 ,2081 
서울특별시,강남구,일원본동,1123072,129 ,59 ,6 ,0 ,5 ,398 ,7 ,0 ,3 ,0 ,9 ,2 ,24469 ,12003 ,12466 ,3813 
서울특별시,광진구,자양1동,1105064,54 ,53 ,0 ,0 ,0 ,834 ,67 ,0 ,1 ,2 ,4 ,8 ,24229 ,11662 ,12567 ,4057 
서울특별시,광진구,자양2동,1105065,56 ,74 ,1 ,0 ,4 ,693 ,40 ,3 ,2 ,1 ,4 ,7 ,27107 ,13290 ,13817 ,3500 
서울특별시,광진구,자양3동,1105066,59 ,101 ,4 ,0 ,5 ,644 ,35 ,0 ,1 ,1 ,1 ,7 ,29577 ,14247 ,15330 ,3751 
서울특별시,광진구,자양4동,1105067,51 ,45 ,6 ,0 ,2 ,919 ,65 ,2 ,1 ,3 ,2 ,7 ,23368 ,11530 ,11838 ,4403 
서울특별시,송파구,잠실2동,1124079,111 ,54 ,23 ,0 ,11 ,408 ,7 ,0 ,2 ,0 ,2 ,10 ,36853 ,17600 ,19253 ,5575 
서울특별시,송파구,잠실3동,1124080,124 ,63 ,3 ,0 ,1 ,607 ,1 ,0 ,1 ,0 ,4 ,10 ,36145 ,17252 ,18893 ,6645 
서울특별시,송파구,잠실4동,1124075,106 ,90 ,3 ,0 ,1 ,289 ,0 ,0 ,2 ,0 ,5 ,10 ,22371 ,10791 ,11580 ,3348 
서울특별시,송파구,잠실6동,1124077,131 ,83 ,4 ,0 ,1 ,270 ,1 ,0 ,3 ,0 ,4 ,10 ,17522 ,8367 ,9155 ,5968 
서울특별시,송파구,잠실7동,1124078,50 ,24 ,9 ,0 ,0 ,227 ,1 ,0 ,1 ,0 ,1 ,10 ,10244 ,4774 ,5470 ,2021 
서울특별시,송파구,잠실본동,1124071,55 ,55 ,100 ,0 ,1 ,780 ,53 ,0 ,1 ,2 ,6 ,11 ,29680 ,14041 ,15639 ,5495 
서울특별시,서초구,잠원동,1122055,118 ,146 ,2 ,0 ,8 ,792 ,13 ,14 ,2 ,0 ,9 ,0 ,34953 ,16607 ,18346 ,5327 
서울특별시,동대문구,장안1동,1106087,188 ,110 ,0 ,0 ,5 ,1205 ,86 ,5 ,1 ,0 ,10 ,35 ,39351 ,19628 ,19723 ,6105 
서울특별시,동대문구,장안2동,1106088,191 ,149 ,0 ,1 ,0 ,1684 ,62 ,8 ,1 ,2 ,3 ,35 ,31930 ,15952 ,15978 ,4454 
서울특별시,성북구,장위1동,1108076,73 ,26 ,0 ,0 ,0 ,866 ,77 ,4 ,1 ,0 ,1 ,10 ,20857 ,10225 ,10632 ,3106 
서울특별시,성북구,장위2동,1108077,107 ,42 ,0 ,0 ,1 ,693 ,58 ,1 ,1 ,2 ,1 ,10 ,14207 ,7068 ,7139 ,2943 
서울특별시,성북구,장위3동,1108078,72 ,72 ,0 ,0 ,2 ,526 ,35 ,1 ,1 ,0 ,1 ,10 ,13710 ,6900 ,6810 ,1648 
서울특별시,송파구,장지동,1124081,177 ,107 ,66 ,1 ,0 ,745 ,88 ,0 ,1 ,0 ,13 ,22 ,34113 ,16516 ,17597 ,4169 
서울특별시,중구,장충동,1102058,63 ,39 ,0 ,0 ,4 ,207 ,5 ,0 ,1 ,0 ,0 ,2 ,5628 ,2775 ,2853 ,1690 
서울특별시,동대문구,전농1동,1106083,167 ,86 ,1 ,1 ,0 ,1633 ,121 ,4 ,1 ,4 ,4 ,16 ,31096 ,15635 ,15461 ,6755 
서울특별시,동대문구,전농2동,1106084,22 ,49 ,1 ,0 ,1 ,691 ,54 ,2 ,1 ,0 ,1 ,16 ,20341 ,9666 ,10675 ,2673 
서울특별시,성북구,정릉1동,1108062,42 ,40 ,7 ,1 ,0 ,553 ,32 ,3 ,0 ,0 ,1 ,11 ,19484 ,9328 ,10156 ,2584 
서울특별시,성북구,정릉2동,1108063,58 ,49 ,9 ,0 ,1 ,877 ,54 ,4 ,1 ,0 ,1 ,11 ,23974 ,11678 ,12296 ,4244 
서울특별시,성북구,정릉3동,1108064,25 ,35 ,3 ,1 ,3 ,861 ,61 ,1 ,4 ,0 ,1 ,11 ,17388 ,8623 ,8765 ,2777 
서울특별시,성북구,정릉4동,1108065,75 ,63 ,0 ,0 ,0 ,1006 ,55 ,2 ,3 ,3 ,1 ,11 ,26898 ,13006 ,13892 ,3736 
서울특별시,동대문구,제기동,1106082,211 ,110 ,0 ,1 ,2 ,1691 ,127 ,6 ,1 ,15 ,2 ,53 ,27630 ,13785 ,13845 ,8989 
서울특별시,관악구,조원동,1121072,91 ,64 ,62 ,0 ,0 ,698 ,27 ,15 ,1 ,3 ,2 ,0 ,19671 ,10063 ,9608 ,3691 
서울특별시,종로구,종로1·2·3·4가동,1101061,410 ,233 ,3 ,4 ,0 ,781 ,38 ,23 ,2 ,1 ,5 ,34 ,8630 ,4955 ,3675 ,11089 
서울특별시,종로구,종로5·6가동,1101063,103 ,78 ,0 ,0 ,0 ,508 ,25 ,10 ,1 ,2 ,2 ,18 ,5717 ,3142 ,2575 ,3979 
서울특별시,성북구,종암동,1108084,100 ,170 ,14 ,1 ,3 ,1455 ,84 ,5 ,1 ,0 ,5 ,30 ,42391 ,20633 ,21758 ,6282 
서울특별시,노원구,중계1동,1111061,138 ,58 ,0 ,0 ,3 ,504 ,61 ,0 ,1 ,0 ,7 ,14 ,28152 ,13779 ,14373 ,3411 
서울특별시,노원구,중계2·3동,1111078,289 ,90 ,2 ,1 ,1 ,2227 ,293 ,0 ,1 ,0 ,7 ,14 ,37108 ,17261 ,19847 ,6184 
서울특별시,노원구,중계4동,1111064,100 ,41 ,0 ,0 ,0 ,1108 ,133 ,0 ,2 ,0 ,6 ,14 ,21480 ,10427 ,11053 ,3661 
서울특별시,노원구,중계본동,1111060,128 ,67 ,2 ,0 ,1 ,644 ,88 ,0 ,2 ,0 ,7 ,14 ,26161 ,12822 ,13339 ,2472 
서울특별시,광진구,중곡1동,1105055,109 ,56 ,0 ,0 ,0 ,575 ,43 ,4 ,1 ,2 ,2 ,7 ,16420 ,8043 ,8377 ,2267 
서울특별시,광진구,중곡2동,1105056,74 ,45 ,0 ,0 ,0 ,663 ,58 ,1 ,1 ,0 ,0 ,7 ,22635 ,10859 ,11776 ,2643 
서울특별시,광진구,중곡3동,1105057,89 ,43 ,0 ,0 ,2 ,716 ,62 ,1 ,1 ,0 ,1 ,7 ,17492 ,8650 ,8842 ,2826 
서울특별시,광진구,중곡4동,1105058,72 ,52 ,0 ,1 ,0 ,1053 ,89 ,2 ,2 ,1 ,2 ,7 ,30561 ,15040 ,15521 ,4575 
서울특별시,중구,중림동,1102068,31 ,45 ,0 ,0 ,6 ,508 ,26 ,0 ,0 ,0 ,4 ,2 ,13007 ,6534 ,6473 ,1468 
서울특별시,관악구,중앙동,1121061,90 ,29 ,23 ,0 ,0 ,671 ,29 ,4 ,0 ,2 ,2 ,0 ,15782 ,7547 ,8235 ,2789 
서울특별시,중랑구,중화1동,1107061,44 ,46 ,0 ,0 ,0 ,1057 ,50 ,0 ,1 ,0 ,1 ,23 ,21001 ,10334 ,10667 ,3189 
서울특별시,중랑구,중화2동,1107062,91 ,68 ,0 ,0 ,0 ,1487 ,115 ,0 ,1 ,2 ,5 ,18 ,27994 ,14386 ,13608 ,5621 
서울특별시,은평구,증산동,1112067,117 ,62 ,72 ,0 ,6 ,669 ,23 ,2 ,1 ,2 ,2 ,4 ,16254 ,7986 ,8268 ,2492 
서울특별시,은평구,진관동,1112071,421 ,270 ,38 ,1 ,9 ,1223 ,59 ,16 ,12 ,0 ,14 ,19 ,58038 ,27290 ,30748 ,10652 
서울특별시,도봉구,창1동,1110059,154 ,44 ,3 ,0 ,3 ,1172 ,33 ,0 ,1 ,0 ,7 ,12 ,26438 ,12650 ,13788 ,4916 
서울특별시,도봉구,창2동,1110060,95 ,66 ,0 ,0 ,3 ,1266 ,70 ,0 ,1 ,1 ,5 ,11 ,30723 ,15088 ,15635 ,5346 
서울특별시,도봉구,창3동,1110061,48 ,40 ,0 ,0 ,0 ,1065 ,54 ,0 ,1 ,2 ,3 ,9 ,14923 ,7446 ,7477 ,3003 
서울특별시,도봉구,창4동,1110062,223 ,86 ,0 ,0 ,7 ,906 ,32 ,0 ,1 ,0 ,6 ,15 ,28034 ,13520 ,14514 ,5471 
서울특별시,도봉구,창5동,1110063,83 ,89 ,1 ,0 ,1 ,925 ,51 ,0 ,1 ,0 ,3 ,12 ,25866 ,12452 ,13414 ,4827 
서울특별시,종로구,창신1동,1101067,75 ,35 ,1 ,0 ,2 ,477 ,21 ,9 ,0 ,1 ,0 ,7 ,6098 ,3268 ,2830 ,2011 
서울특별시,종로구,창신2동,1101068,1 ,2 ,0 ,0 ,1 ,496 ,22 ,1 ,0 ,0 ,2 ,6 ,9825 ,4996 ,4829 ,1758 
서울특별시,종로구,창신3동,1101069,12 ,10 ,1 ,0 ,0 ,328 ,25 ,3 ,0 ,0 ,2 ,6 ,7322 ,3606 ,3716 ,697 
서울특별시,서대문구,천연동,1113052,18 ,65 ,17 ,0 ,1 ,999 ,42 ,2 ,1 ,1 ,2 ,10 ,18803 ,8974 ,9829 ,3407 
서울특별시,강동구,천호1동,1125061,71 ,46 ,114 ,1 ,0 ,1233 ,89 ,2 ,1 ,0 ,5 ,24 ,28623 ,14090 ,14533 ,6904 
서울특별시,강동구,천호2동,1125073,169 ,88 ,148 ,1 ,10 ,1538 ,111 ,7 ,2 ,5 ,6 ,31 ,36078 ,18023 ,18055 ,7977 
서울특별시,강동구,천호3동,1125063,41 ,50 ,67 ,0 ,0 ,1219 ,104 ,3 ,1 ,2 ,2 ,29 ,28294 ,13947 ,14347 ,5865 
서울특별시,중구,청구동,1102072,37 ,74 ,0 ,0 ,1 ,657 ,39 ,0 ,0 ,0 ,1 ,0 ,14595 ,6952 ,7643 ,2323 
서울특별시,강남구,청담동,1123078,192 ,187 ,0 ,1 ,3 ,483 ,9 ,0 ,2 ,3 ,4 ,26 ,30132 ,14170 ,15962 ,5369 
서울특별시,동대문구,청량리동,1106080,132 ,73 ,0 ,2 ,2 ,1667 ,107 ,0 ,1 ,2 ,2 ,27 ,22035 ,11029 ,11006 ,5274 
서울특별시,관악구,청룡동,1121080,85 ,46 ,70 ,0 ,4 ,1148 ,46 ,7 ,1 ,2 ,7 ,0 ,33607 ,16158 ,17449 ,5029 
서울특별시,관악구,청림동,1121054,19 ,32 ,23 ,0 ,0 ,638 ,24 ,3 ,0 ,0 ,0 ,0 ,16331 ,8009 ,8322 ,1690 
서울특별시,종로구,청운효자동,1101072,113 ,80 ,9 ,0 ,2 ,476 ,32 ,12 ,3 ,1 ,2 ,4 ,13090 ,6120 ,6970 ,2600 
서울특별시,용산구,청파동,1103071,73 ,61 ,85 ,0 ,3 ,1088 ,31 ,0 ,1 ,1 ,3 ,5 ,20715 ,9728 ,10987 ,3062 
서울특별시,서대문구,충현동,1113073,46 ,93 ,29 ,0 ,0 ,841 ,47 ,10 ,1 ,0 ,1 ,15 ,18242 ,8845 ,9397 ,4654 
서울특별시,종로구,평창동,1101056,39 ,68 ,6 ,0 ,0 ,640 ,26 ,5 ,9 ,0 ,7 ,9 ,18830 ,8817 ,10013 ,4004 
서울특별시,송파구,풍납1동,1124051,32 ,45 ,17 ,1 ,2 ,642 ,17 ,0 ,1 ,1 ,2 ,16 ,15697 ,7775 ,7922 ,3181 
서울특별시,송파구,풍납2동,1124052,55 ,121 ,103 ,0 ,3 ,640 ,19 ,0 ,2 ,0 ,3 ,20 ,24762 ,11763 ,12999 ,6268 
서울특별시,중구,필동,1102057,72 ,80 ,3 ,0 ,1 ,238 ,8 ,0 ,1 ,0 ,1 ,5 ,5054 ,2519 ,2535 ,1838 
서울특별시,노원구,하계1동,1111058,140 ,76 ,2 ,1 ,2 ,1346 ,139 ,0 ,2 ,0 ,10 ,13 ,29814 ,14425 ,15389 ,4441 
서울특별시,노원구,하계2동,1111059,93 ,34 ,1 ,1 ,2 ,668 ,84 ,0 ,1 ,0 ,3 ,17 ,23492 ,11224 ,12268 ,3060 
서울특별시,용산구,한강로동,1103073,266 ,189 ,114 ,0 ,0 ,875 ,16 ,0 ,3 ,2 ,7 ,27 ,19504 ,9520 ,9984 ,5765 
서울특별시,용산구,한남동,1103074,168 ,115 ,152 ,2 ,1 ,1027 ,32 ,0 ,3 ,0 ,3 ,23 ,23600 ,11728 ,11872 ,4327 
서울특별시,마포구,합정동,1114068,170 ,92 ,0 ,0 ,0 ,648 ,37 ,7 ,2 ,2 ,3 ,13 ,19175 ,8928 ,10247 ,2898 
서울특별시,성동구,행당1동,1104056,99 ,79 ,0 ,0 ,2 ,600 ,29 ,0 ,1 ,1 ,0 ,7 ,16659 ,8068 ,8591 ,4441 
서울특별시,성동구,행당2동,1104057,83 ,38 ,0 ,0 ,1 ,757 ,36 ,0 ,0 ,0 ,4 ,8 ,24748 ,11628 ,13120 ,3245 
서울특별시,관악구,행운동,1121057,51 ,45 ,86 ,1 ,0 ,1009 ,33 ,7 ,1 ,0 ,6 ,0 ,30276 ,14720 ,15556 ,4159 
서울특별시,종로구,혜화동,1101073,90 ,69 ,0 ,0 ,3 ,657 ,53 ,14 ,1 ,0 ,3 ,12 ,20948 ,9426 ,11522 ,3818 
서울특별시,서대문구,홍은1동,1113066,40 ,41 ,17 ,0 ,3 ,976 ,63 ,5 ,2 ,1 ,4 ,27 ,22758 ,11017 ,11741 ,2893 
서울특별시,서대문구,홍은2동,1113068,136 ,107 ,23 ,0 ,7 ,1023 ,53 ,8 ,2 ,0 ,5 ,20 ,28402 ,13774 ,14628 ,4338 
서울특별시,서대문구,홍제1동,1113062,50 ,49 ,15 ,0 ,0 ,923 ,45 ,2 ,1 ,0 ,6 ,10 ,25045 ,11776 ,13269 ,5301 
서울특별시,서대문구,홍제2동,1113065,22 ,25 ,8 ,0 ,0 ,604 ,37 ,3 ,1 ,0 ,0 ,8 ,14629 ,6980 ,7649 ,1942 
서울특별시,서대문구,홍제3동,1113064,79 ,63 ,19 ,0 ,3 ,847 ,81 ,10 ,1 ,1 ,4 ,14 ,16534 ,8036 ,8498 ,4045 
서울특별시,강서구,화곡1동,1116073,204 ,98 ,0 ,1 ,0 ,1762 ,180 ,0 ,1 ,1 ,12 ,9 ,54681 ,26740 ,27941 ,8004 
서울특별시,강서구,화곡2동,1116057,18 ,24 ,0 ,0 ,0 ,565 ,34 ,0 ,0 ,2 ,3 ,15 ,19655 ,9561 ,10094 ,2281 
서울특별시,강서구,화곡3동,1116058,33 ,26 ,0 ,1 ,0 ,704 ,29 ,0 ,1 ,1 ,5 ,13 ,22698 ,10884 ,11814 ,2892 
서울특별시,강서구,화곡4동,1116059,36 ,21 ,0 ,0 ,0 ,737 ,34 ,0 ,1 ,3 ,5 ,13 ,22175 ,10854 ,11321 ,3433 
서울특별시,강서구,화곡6동,1116061,128 ,82 ,8 ,1 ,0 ,880 ,56 ,0 ,1 ,0 ,5 ,10 ,24930 ,12316 ,12614 ,3748 
서울특별시,강서구,화곡8동,1116063,38 ,33 ,0 ,1 ,0 ,845 ,20 ,0 ,1 ,2 ,6 ,14 ,26593 ,12780 ,13813 ,4345 
서울특별시,강서구,화곡본동,1116055,73 ,67 ,0 ,2 ,0 ,995 ,84 ,0 ,1 ,1 ,14 ,17 ,36064 ,17571 ,18493 ,4420 
서울특별시,광진구,화양동,1105053,62 ,37 ,0 ,0 ,1 ,559 ,23 ,4 ,1 ,1 ,5 ,8 ,25422 ,11618 ,13804 ,3347 
서울특별시,중구,황학동,1102067,52 ,48 ,0 ,0 ,0 ,562 ,24 ,0 ,0 ,4 ,1 ,5 ,13669 ,6607 ,7062 ,2140 
서울특별시,동대문구,회기동,1106071,33 ,41 ,0 ,0 ,0 ,364 ,27 ,3 ,1 ,1 ,1 ,4 ,13337 ,5951 ,7386 ,3011 
서울특별시,중구,회현동,1102054,134 ,141 ,1 ,0 ,3 ,492 ,12 ,0 ,1 ,9 ,0 ,25 ,5864 ,3193 ,2671 ,4502 
서울특별시,용산구,효창동,1103058,41 ,33 ,44 ,0 ,5 ,295 ,5 ,0 ,0 ,0 ,2 ,5 ,10179 ,4858 ,5321 ,1576 
서울특별시,용산구,후암동,1103051,61 ,50 ,89 ,0 ,3 ,987 ,27 ,0 ,1 ,1 ,2 ,5 ,18547 ,9056 ,9491 ,2130 
서울특별시,동대문구,휘경1동,1106072,49 ,27 ,1 ,0 ,0 ,604 ,49 ,5 ,1 ,2 ,1 ,13 ,16537 ,8008 ,8529 ,3136 
서울특별시,동대문구,휘경2동,1106073,82 ,53 ,0 ,0 ,0 ,783 ,47 ,5 ,1 ,0 ,4 ,10 ,25176 ,12401 ,12775 ,3539 
서울특별시,동작구,흑석동,1120071,111 ,93 ,0 ,0 ,2 ,1360 ,64 ,0 ,2 ,1 ,6 ,12 ,35482 ,16891 ,18591 ,5487 
